CREATE DATABASE  IF NOT EXISTS `census_app` /*!40100 DEFAULT CHARACTER SET latin1 */;
USE `census_app`;
-- MySQL dump 10.13  Distrib 5.6.17, for Win64 (x86_64)
--
-- Host: localhost    Database: census_app
-- ------------------------------------------------------
-- Server version	5.6.23-log

/*!40101 SET @OLD_CHARACTER_SET_CLIENT=@@CHARACTER_SET_CLIENT */;
/*!40101 SET @OLD_CHARACTER_SET_RESULTS=@@CHARACTER_SET_RESULTS */;
/*!40101 SET @OLD_COLLATION_CONNECTION=@@COLLATION_CONNECTION */;
/*!40101 SET NAMES utf8 */;
/*!40103 SET @OLD_TIME_ZONE=@@TIME_ZONE */;
/*!40103 SET TIME_ZONE='+00:00' */;
/*!40014 SET @OLD_UNIQUE_CHECKS=@@UNIQUE_CHECKS, UNIQUE_CHECKS=0 */;
/*!40014 SET @OLD_FOREIGN_KEY_CHECKS=@@FOREIGN_KEY_CHECKS, FOREIGN_KEY_CHECKS=0 */;
/*!40101 SET @OLD_SQL_MODE=@@SQL_MODE, SQL_MODE='NO_AUTO_VALUE_ON_ZERO' */;
/*!40111 SET @OLD_SQL_NOTES=@@SQL_NOTES, SQL_NOTES=0 */;

--
-- Table structure for table `appartient`
--

DROP TABLE IF EXISTS `appartient`;
/*!40101 SET @saved_cs_client     = @@character_set_client */;
/*!40101 SET character_set_client = utf8 */;
CREATE TABLE `appartient` (
  `id_apr` int(11) NOT NULL AUTO_INCREMENT,
  `membre_id` int(11) NOT NULL,
  `equipe_projet_id` int(11) NOT NULL,
  PRIMARY KEY (`id_apr`),
  KEY `fk_membre_has_equipe_projet_equipe_projet1_idx` (`equipe_projet_id`),
  KEY `fk_membre_has_equipe_projet_membre1_idx` (`membre_id`),
  CONSTRAINT `fk_membre_has_equipe_projet_equipe_projet1` FOREIGN KEY (`equipe_projet_id`) REFERENCES `equipe_projet` (`id_eqp`) ON DELETE NO ACTION ON UPDATE NO ACTION,
  CONSTRAINT `fk_membre_has_equipe_projet_membre1` FOREIGN KEY (`membre_id`) REFERENCES `membre` (`id_mbr`) ON DELETE NO ACTION ON UPDATE NO ACTION
) ENGINE=InnoDB AUTO_INCREMENT=15 DEFAULT CHARSET=latin1;
/*!40101 SET character_set_client = @saved_cs_client */;

--
-- Dumping data for table `appartient`
--

LOCK TABLES `appartient` WRITE;
/*!40000 ALTER TABLE `appartient` DISABLE KEYS */;
INSERT INTO `appartient` VALUES (1,9,69),(2,15,69),(3,16,69),(4,17,64),(5,9,64),(6,9,70),(7,18,71),(8,19,71),(9,18,72),(10,20,74),(11,20,75),(12,21,76),(13,22,80),(14,23,81);
/*!40000 ALTER TABLE `appartient` ENABLE KEYS */;
UNLOCK TABLES;

--
-- Table structure for table `application`
--

DROP TABLE IF EXISTS `application`;
/*!40101 SET @saved_cs_client     = @@character_set_client */;
/*!40101 SET character_set_client = utf8 */;
CREATE TABLE `application` (
  `id_app` int(4) NOT NULL AUTO_INCREMENT,
  `intitule_app` varchar(255) DEFAULT NULL,
  `compte_id` int(11) NOT NULL,
  `domaine_app` varchar(45) DEFAULT NULL,
  `description` varchar(255) DEFAULT NULL,
  `modules` varchar(255) DEFAULT NULL,
  `date_mise_service` date DEFAULT NULL,
  `status_app` varchar(100) DEFAULT NULL,
  `etat_actu_app` varchar(45) DEFAULT NULL,
  `type_arch_app` varchar(45) DEFAULT NULL,
  `outil_dev` varchar(255) DEFAULT NULL,
  `sgbd_app` varchar(45) DEFAULT NULL,
  `sys_exp` varchar(45) DEFAULT NULL,
  `plateforme_hebergement` varchar(45) DEFAULT NULL,
  `interop_autre_sys` varchar(100) DEFAULT NULL,
  `documentation_app` varchar(255) DEFAULT NULL,
  `ref_inscrit` varchar(255) DEFAULT NULL,
  `date_inscrit` date DEFAULT NULL,
  `ref_homo` varchar(100) DEFAULT NULL,
  `date_homo` date DEFAULT NULL,
  `doc_demande_ref` varchar(255) DEFAULT NULL,
  `doc_demande_date` date DEFAULT NULL,
  `doc_homolog_strct` varchar(45) DEFAULT NULL,
  `equipe_projet_id` int(11) NOT NULL,
  `valide_app` varchar(45) DEFAULT NULL,
  `date_create_app` datetime DEFAULT NULL,
  `situation_bi_app` varchar(45) DEFAULT NULL,
  PRIMARY KEY (`id_app`),
  KEY `fk_application_compte_idx` (`compte_id`),
  KEY `fk_application_equipe_projet1_idx` (`equipe_projet_id`),
  CONSTRAINT `fk_application_compte` FOREIGN KEY (`compte_id`) REFERENCES `compte` (`id_cpt`) ON DELETE NO ACTION ON UPDATE NO ACTION,
  CONSTRAINT `fk_application_equipe_projet1` FOREIGN KEY (`equipe_projet_id`) REFERENCES `equipe_projet` (`id_eqp`) ON DELETE NO ACTION ON UPDATE NO ACTION
) ENGINE=InnoDB AUTO_INCREMENT=29 DEFAULT CHARSET=utf8;
/*!40101 SET character_set_client = @saved_cs_client */;

--
-- Dumping data for table `application`
--

LOCK TABLES `application` WRITE;
/*!40000 ALTER TABLE `application` DISABLE KEYS */;
INSERT INTO `application` VALUES (9,'Site web dynamique sur internet du CAB/MDN dédie comité interministériel, charge de la mise en oeuvre',2,'Ingénierie et Technologies',NULL,'Le projet concerne la mise en place d’un site web dynamique sur Internet pour le Comité Interministériel, chargé de la mise en oeuvre de la convention sur l\'interdiction de la mise',NULL,'exploitation','en_service','trois_tiers','PHP,','Plats','Windows Server 2003',NULL,NULL,'doculent technique',NULL,NULL,NULL,NULL,NULL,NULL,NULL,62,'valide','2019-01-01 00:00:00',NULL),(10,'Mise en place d’une plateforme d’intégration applicative et de qualité de données',2,'Ingénierie et Technologies',NULL,'Echanges d’informations entre modules d’un Système d’information.',NULL,'exploitation','en_service','trois_tiers','HTML,','MySQL','Windows Server 2003',NULL,NULL,'doculent technique',NULL,NULL,NULL,NULL,NULL,NULL,NULL,63,'valide','2018-01-01 00:00:00',NULL),(11,'Site Web dédié aux préinscriptions des cadets de la nation',2,'Ingénierie et Technologies','Dans le cadre de la campagne de recrutement au profit des Ecoles des Cadets de la Nation','L\'application a pour objectifde gérer la scolarité des langues étrangaires et de la bureautique au niveau de SRSI/1°RM, en détaillant les fiches des stagiaires, leurs notes',NULL,'exploitation','en_service','trois_tiers','PHP,','Plats','Windows Server 2003',NULL,NULL,'doculent technique',NULL,NULL,NULL,NULL,NULL,NULL,NULL,64,'valide','2019-04-01 00:00:00',NULL),(12,'Gestion de la scolarité',3,'Ressources humaines','','L\'application a pour objectifde gérer la scolarité des langues étrangaires et de la bureautique au niveau de SRSI/1°RM, en détaillant les fiches des stagiaires, leurs notes',NULL,'developpement','hors_service','trois_tiers','Dev Suite,','Oracle','Windows Server 2003',NULL,NULL,'Etude de l\'existant, Fiche d\'application, manuel_d\'exploitation',NULL,NULL,NULL,NULL,NULL,NULL,NULL,64,'valide','2018-04-01 00:00:00',NULL),(13,'Suivi des appels téléphoniques suspects',3,'Sciences militaires','','L\'application permet de suivre les différents transactions d\'appels suspects et d\'établir les différents états de sortie.',NULL,'exploitation','en_service','client_serveur','ORACLE DEVELOPPER,','Oracle','Windows Server 2003',NULL,NULL,'Etude de l\'existant, Fiche d\'application, Manuel d\'exploitation',NULL,NULL,NULL,NULL,NULL,NULL,'CMRI/1RM',63,'valide','2019-06-01 00:00:00',NULL),(14,'Gestion des produits de laboratoire',3,'Sciences nautiques et de la navigation',NULL,'L\'application permet la gestion du stock des produits de laboratoire au niveau du Laboratoire Central de l\'Intendance.',NULL,'exploitation','en_service','client_serveur','ORACLE DEVELOPPER,','Oracle','Windows Server 2003',NULL,NULL,'Etude de l\'existant, Fiche d\'application, Manuel d\'exploitation',NULL,NULL,NULL,NULL,NULL,NULL,'LCI/1RM',62,'valide','2016-06-01 00:00:00',NULL),(15,'Gestion des autorisations de sortie',3,'Science d\'Administration','None','L\'application permet de gérer les autorisations de sortie à l\'étranger au profit du personnel de la 1°RM et d\'établir les différents états de sortie.',NULL,'exploitation','en_service','client_serveur','ORACLE DEVELOPPER,','Oracle','Windows Server 2003',NULL,NULL,'Etude de l\'existant, Fiche d\'application, Manuel d\'exploitation','None',NULL,'None',NULL,NULL,NULL,'DRSA/1RM',64,'valide','2019-09-01 00:00:00',NULL),(21,'Suivi de la situation fonctionnel des unités de la 3RM',5,'Science d\'Administration','Suivi de la situation fonctionnel des unités de la 3RM',NULL,NULL,'exploitation','en_service','trois_tiers','Form','Oracle','Windows Server 2003',NULL,NULL,'spec_techniques,manuel_utilisation',NULL,NULL,NULL,NULL,NULL,NULL,'BOMRM/3RM',66,'valide','2017-09-01 00:00:00',NULL),(22,'Suivi des terroristes',3,'Sciences militaires','L\'application permet de suivre le fichier des terroristes au niveau de la 1°RM','informations générales, appartenance, composition des groupes terroristes.','2019-12-03','exploitation','en_service','trois_tiers','Dev Suite','Oracle','Windows Server 2003','ISS','Windows 7,Windows Server 2008,Windows Server 2012','manuel_utilisation,cahier_de_charge,spec_techniques','2154/dfdf/dfsf','2019-12-17','215/dfdf/dfdf','2019-12-18',NULL,'2019-12-25','BRGE',67,'valide','2019-11-01 00:00:00',NULL),(23,'Application de suppervision des applications',9,'Mathématiques & Informatiques','pour recenser les applications de la struture','- supervision des applications','2020-01-31','deploiement','hors_service','client_serveur','Intellij PyCharm','SQL Server,MongoDB','Windows Server 2008','ISS','Windows 10,Windows Server 2008,Linux','cahier_de_charge,manuel_utilisation,nomenclatures','201/2020/SCSI/DTSIG/MDN','2020-01-07','221/2020/SCSI/DTSIG/MDN','2020-01-09',NULL,'2020-01-22','SCSI',69,'valide','2020-01-30 00:00:00',NULL),(24,'Gestion des stations d\'ecoute',6,'Sciences militaires','gere les station du pays complet','Ajouter des stations , affecter des utilisateurs..','2020-02-02','developpement','hors_service','client_serveur','Intellij PyCharm','MongoDB','Windows Server 2008','Windows','Windows 8,Windows 7','cahier_de_charge,manuel_utilisation','1992/2019/SCSI/DTSIG/MDN','2020-02-02','1223/2019/CNID/RM1','2020-02-04',NULL,'2020-02-02','SCSI',70,'valide','2020-02-11 08:37:49',NULL),(26,'Gestion munition',3,'Science d\'Administration','gerer les entrées et sorties des munitions','gestion des balles,gestion des cartouches','2020-09-02','developpement','en_service','client_serveur','PHP,Windev','MySQL','Windows XP','machine virtuelle RAM5G,duel core','Windows 7','spec_fonctionnelles,manuel_utilisation',NULL,NULL,NULL,NULL,NULL,'2020-09-01','ECRMT',72,'non_valide','2020-09-16 09:05:48',NULL),(28,'Gestion de la bibliothèque',3,'Gestion des entreprises','dsfdsfdsf \n215\ngjhggj','dfdsfdsf,dfdsfsdf','2020-09-01','exploitation','en_service','client_serveur','PHP 5,Delphi,C#','MySQL 5,SQL Server 2014','Windows 7','sdfds fdsf,dsfdsfdsf','Linux','spec_fonctionnelles,spec_techniques','1200/2020/DTSIG/MDN/T.18/B4','2020-09-03','1200/2020/DTSIG/MDN/T.18/B4','2020-09-03','1200/2020/DTSIG/MDN/T.18','2020-09-03','ERMT2',75,'non_valide','2020-09-16 11:26:00','homologuee');
/*!40000 ALTER TABLE `application` ENABLE KEYS */;
UNLOCK TABLES;

--
-- Table structure for table `compte`
--

DROP TABLE IF EXISTS `compte`;
/*!40101 SET @saved_cs_client     = @@character_set_client */;
/*!40101 SET character_set_client = utf8 */;
CREATE TABLE `compte` (
  `id_cpt` int(11) NOT NULL AUTO_INCREMENT,
  `pseudo_cpt` varchar(45) DEFAULT NULL,
  `pass_cpt` varchar(255) DEFAULT NULL,
  `grade_cpt` varchar(45) DEFAULT NULL,
  `etat_cpt` varchar(45) DEFAULT NULL,
  `type_cpt` varchar(45) DEFAULT NULL,
  `nom_cpt` varchar(45) DEFAULT NULL,
  `prenom_cpt` varchar(45) DEFAULT NULL,
  `dateinscr_cpt` datetime DEFAULT NULL,
  `structure_id` int(11) NOT NULL,
  PRIMARY KEY (`id_cpt`),
  KEY `fk_compte_structure1_idx` (`structure_id`),
  CONSTRAINT `fk_compte_structure1` FOREIGN KEY (`structure_id`) REFERENCES `structure` (`id_str`) ON DELETE NO ACTION ON UPDATE NO ACTION
) ENGINE=InnoDB AUTO_INCREMENT=42 DEFAULT CHARSET=utf8;
/*!40101 SET character_set_client = @saved_cs_client */;

--
-- Dumping data for table `compte`
--

LOCK TABLES `compte` WRITE;
/*!40000 ALTER TABLE `compte` DISABLE KEYS */;
INSERT INTO `compte` VALUES (1,'admin','$2b$12$jwVmpAd.h6WFpjLZJL.F0.961Ing67piZQ9EjbUaot1W7HkVCmFvm',NULL,'active','admin','mourad','mourad','2019-05-10 00:00:00',18),(2,'SCSI','$2b$12$AbPQycv2LIYjWRuqEI3UwONUNuWhR0bbYrZaPmOEknryPuoXWnGpG','Lieutenant','active','user','Ali','Aliou','2019-11-13 00:00:00',18),(3,'SRSI1','$2b$12$0kjSoMQIcFPioJMEqqkDXu2.KkyW1qxdvNS9LgIEVeFLvuciD3BmK','Capitaine','active','user','Arabi','Billel','2019-11-12 00:00:00',2),(4,'SRSI2','$2b$12$bHAoNIjooAR4Ap724nZFyeYOH5aNYMK25Y3jP1E3zehYVKtzvgXoK','capitaine','active','user','BELGHOULA','Amine','2019-11-12 00:00:00',3),(5,'SRSI3','$2b$12$bHAoNIjooAR4Ap724nZFyeYOH5aNYMK25Y3jP1E3zehYVKtzvgXoK','Lieutenant','inactive','user','BOUKHALFA','Sofiane','2019-12-22 00:00:00',4),(6,'CNID','$2b$12$h6wEhHSVJ7KDJB3j535vauiATOJe15BDugEkSq3cj5N.eMUA45Yzi','Adjudant Chef','active','user','Kaiise','Saiid','2019-12-29 00:00:00',8),(7,'SRSI5','$2b$12$tJocArZHjCykzU0tHbX89uQzfaxbdGYRD314bGU3bt.l6d7rVSsSC',NULL,'active','user',NULL,NULL,'2019-12-29 00:00:00',5),(9,'SCSI3','$2b$12$tEofhFCb8yd1JIzeOnHzWeR7p5MzK0qUKWJaOGNZPflxEA1LwoAYW',NULL,'active','user',NULL,NULL,'2020-01-30 00:00:00',18),(10,'ECRMT','$2b$12$OB4PQIrDTlhlxOyEOGcTqO4jGgcJilbR4MKc54NqBAtX/dqz.C0v.','None','active','user','None','None','2020-09-11 00:00:00',9),(11,'ERMT2','$2b$12$iDoDF0BE/9/sTAsTCSIsme67uYktsGj/zYVmOfR1Nl3E.Vxpidl0K',NULL,'active','user',NULL,NULL,'2020-09-16 00:00:00',13),(12,'ERMT92','$2b$12$iG3HfBT47qP77huPmFfqHu42gkKRsRznTwZulFZL5GNadchaBJ0rm',NULL,'active','user',NULL,NULL,'2020-09-16 00:00:00',13),(13,'ERMT1','$2b$12$SfaHFCp02h4GF2hivtHrLOCvkSP1gsSadcPZz6CKxl6DOBtBRbZTC',NULL,'active','user',NULL,NULL,'2020-09-16 00:00:00',14),(14,'EST','$2b$12$ZM2Fu/PuLFw6kfnwOI0az.kJX83Twx/R0PwU9v0Y8l.kYrUyTY/FK','None','active','user','None','None','2020-09-16 00:00:00',15),(15,'BTHC','$2b$12$7tUiNnD0CqH/.71DsxOwGOV1mInzPJMO3xJjeTgpJT8fFO.aUxzH.',NULL,'active','user',NULL,NULL,'2020-09-16 00:00:00',16),(16,'DT','$2b$12$xcUR6m3SeQj.AdQu04dpmupk.TWFwxk0V2km7r/dX4wfp82gNgOHK',NULL,'active','user',NULL,NULL,'2020-09-16 00:00:00',17),(17,'DSI','$2b$12$KR7gfBjvFtPYRgYRoxBM2uwA6v73wyfB0t/Yud9WU3y3XssZSPhCi',NULL,'active','user',NULL,NULL,'2020-09-16 00:00:00',18),(18,'DGE','$2b$12$1ABs1obEyKz20N1AZWZON.ubkXvXKEsLXq0jUmI9USCX1DdXkYSe6',NULL,'active','user',NULL,NULL,'2020-09-16 00:00:00',19),(19,'DS','$2b$12$XDPpy95Hx7M6Z6hEElYEkObQrgoPjzt4oe.htSJX1kTp/LIatiHAS',NULL,'active','user',NULL,NULL,'2020-09-16 00:00:00',20),(20,'DAG','$2b$12$WQ6IvdovDdglBFSQZYV84OWzswA1TfRwUSF1W0qLP73DHhK2X1Snq',NULL,'active','user',NULL,NULL,'2020-09-16 00:00:00',21),(21,'DRTSIG1','$2b$12$vtUu3z8202/kspqNIqiDTuEwEqK65I33tZmBKWo/qvRk.4h42XGT2','None','active','user','None','None','2020-09-16 00:00:00',22),(22,'DRTSIG2','$2b$12$inVl7RGoAjJ64N5Fir6LjuLdIIAiNfApborCFJUSJMuadqUhfKKHa',NULL,'active','user',NULL,NULL,'2020-09-16 00:00:00',23),(23,'DRTSIG3','$2b$12$uDZsh064zDgTqydNqG27COb760dTiuuZTJEt1w4YYdzAM8adLjnnK',NULL,'active','user',NULL,NULL,'2020-09-16 00:00:00',24),(24,'DRTSIG4','$2b$12$A.BI7o4BiqpxBxvztG/PAesuZyD/inLqPsJsprwEP653J.n3L.aoS',NULL,'active','user',NULL,NULL,'2020-09-16 00:00:00',25),(25,'DRTSIG5','$2b$12$h6iuth2GiEWDoFCDT.nnp.e9BrD0IxxIKZwQ8Z4j6lu60UVBlZv8S',NULL,'active','user',NULL,NULL,'2020-09-16 00:00:00',26),(26,'DRTSIG6','$2b$12$QtsoRf/cb8c.SeSftIrR0eOduyNsUiZt2cQquBsFmsjVN3uGCzKSa',NULL,'active','user',NULL,NULL,'2020-09-16 00:00:00',27),(27,'EMRGMT','$2b$12$C2aGdhrPx0FYXeHuHoFse.SmO/PYrdlxevXWZxSlxxL1OxE3pLrWO',NULL,'active','user',NULL,NULL,'2020-09-16 00:00:00',28),(28,'CNID_SIC','$2b$12$ydMtmMOjByhwHIeXZRiT9.01ScVmcKJ6ejfFrJbEi4VtGWvtjltfW',NULL,'active','user',NULL,NULL,'2020-09-16 00:00:00',29),(29,'CRDT','$2b$12$GFXqprB9EtBKHOtPGiElTOKbV2h08y0e51t/ZRqVvEpO35F1c9l2G',NULL,'active','user',NULL,NULL,'2020-09-16 00:00:00',30),(34,'DRTSIG33','$2b$12$6Jbm5bkTw.zm31ywv2q5bupekxZGLLUWFRb4hVUftV/QmHp57d/Xa',NULL,'inactive','user',NULL,NULL,'2020-09-19 00:00:00',24),(35,'RRT91','$2b$12$JT0Jqc5BMopXMIRL1ps6jestELuHKen1.SS.eKCORhd93dcTIwkhO',NULL,'inactive','user',NULL,NULL,'2020-09-21 00:00:00',33),(36,'RRT92','$2b$12$jyIa5QqISJUj1SMysy0HBOk71xXRYh9vQw9dQHktdTiPxrqaf6pNq',NULL,'inactive','user',NULL,NULL,'2020-09-24 00:00:00',34),(37,'RRT93','$2b$12$rYcqcbSIZh.sMbKjqmuXheSgQ66VOJufXERfD2Di/M/0DrG4ExKvq','Lieutenant','inactive','user','BOUSSETA','HAMZA','2020-09-24 00:00:00',35),(38,'RRT94','$2b$12$GBA4qzkfvjQ5CxS82rx0WetF5gIYrVOV1rdnCPoJgWabrXfGZgyY2',NULL,'en attente','user',NULL,NULL,'2020-09-24 00:00:00',36),(39,'ERMT4','$2b$12$/JVeiLNDRBfRSxWnjwJtS.X2tpTj8v3aAc2pwaoWMklVE5Avne7Mm',NULL,'en attente','user',NULL,NULL,'2020-09-24 00:00:00',37),(40,'CRDI','$2b$12$.diBP/qCFxZ2AVraHjfWOeNOCiiBDirXJ6eBaPJVTQgGhmepuZI6a',NULL,'active','user',NULL,NULL,'2020-10-01 00:00:00',38),(41,'IC','$2b$12$t6MNOpcQ4Tl8xQpKMX7gduO0.pW1NF75xfYsLwMhKldyx/p9Ha1Xu',NULL,'active','user',NULL,NULL,'2020-10-01 00:00:00',39);
/*!40000 ALTER TABLE `compte` ENABLE KEYS */;
UNLOCK TABLES;

--
-- Table structure for table `equipe_projet`
--

DROP TABLE IF EXISTS `equipe_projet`;
/*!40101 SET @saved_cs_client     = @@character_set_client */;
/*!40101 SET character_set_client = utf8 */;
CREATE TABLE `equipe_projet` (
  `id_eqp` int(11) NOT NULL AUTO_INCREMENT,
  PRIMARY KEY (`id_eqp`)
) ENGINE=InnoDB AUTO_INCREMENT=82 DEFAULT CHARSET=latin1;
/*!40101 SET character_set_client = @saved_cs_client */;

--
-- Dumping data for table `equipe_projet`
--

LOCK TABLES `equipe_projet` WRITE;
/*!40000 ALTER TABLE `equipe_projet` DISABLE KEYS */;
INSERT INTO `equipe_projet` VALUES (18),(19),(20),(21),(22),(23),(24),(25),(26),(27),(28),(29),(30),(31),(32),(33),(34),(35),(36),(37),(38),(39),(40),(41),(42),(43),(44),(45),(46),(47),(48),(49),(50),(51),(52),(53),(54),(55),(56),(57),(58),(59),(60),(61),(62),(63),(64),(65),(66),(67),(68),(69),(70),(71),(72),(73),(74),(75),(76),(77),(78),(79),(80),(81);
/*!40000 ALTER TABLE `equipe_projet` ENABLE KEYS */;
UNLOCK TABLES;

--
-- Table structure for table `logs`
--

DROP TABLE IF EXISTS `logs`;
/*!40101 SET @saved_cs_client     = @@character_set_client */;
/*!40101 SET character_set_client = utf8 */;
CREATE TABLE `logs` (
  `id_log` int(11) NOT NULL AUTO_INCREMENT,
  `date_log` datetime DEFAULT NULL,
  `action_log` varchar(255) DEFAULT NULL,
  `compte_id_cpt` int(11) NOT NULL,
  PRIMARY KEY (`id_log`),
  KEY `fk_logs_compte1_idx` (`compte_id_cpt`),
  CONSTRAINT `fk_logs_compte1` FOREIGN KEY (`compte_id_cpt`) REFERENCES `compte` (`id_cpt`) ON DELETE NO ACTION ON UPDATE NO ACTION
) ENGINE=InnoDB AUTO_INCREMENT=501 DEFAULT CHARSET=utf8;
/*!40101 SET character_set_client = @saved_cs_client */;

--
-- Dumping data for table `logs`
--

LOCK TABLES `logs` WRITE;
/*!40000 ALTER TABLE `logs` DISABLE KEYS */;
INSERT INTO `logs` VALUES (1,'2019-12-05 11:11:00','fdsfksdhf',1),(2,'2019-04-05 09:46:52','a mis à jour son compte ;',3),(3,'2019-06-05 09:47:01','a mis à jour son compte ;',3),(4,'2019-03-05 10:06:58','a mis à jour son compte ;',3),(5,'2019-08-05 11:07:46','a mis à jour son compte ;',3),(6,'2019-10-22 21:07:00','a mis à jour son compte ;',3),(7,'2019-11-22 21:32:37','a creer la nouvelle application n°=19 ;',3),(8,'2019-12-23 09:29:05','a mis à jour son compte ;',3),(9,'2019-12-23 09:29:12','a mis à jour son compte ;',3),(10,'2018-12-23 09:29:21','a mis à jour son compte ;',3),(11,'2019-12-23 09:29:30','a mis à jour son compte ;',3),(12,'2019-12-25 10:53:49','a creer la nouvelle application n°=22 ;',3),(13,'2019-12-26 14:47:15','a validé l\'application n° = 14 ;',1),(14,'2018-12-26 14:51:40','a validé l\'application n° = 10 ;',1),(15,'2019-12-26 14:53:35','a validé l\'application n° = 11 ;',1),(16,'2018-12-29 08:56:32','a validé l\'application n° = 13 ;',1),(17,'2019-12-29 09:39:45','a validé l\'application n° = 12 ;',1),(18,'2020-01-05 10:53:41','a créer la nouvelle application n°=23 ;',6),(19,'2020-01-05 15:17:59','a supprimer l\'application n° = 23 ;',1),(20,'2020-01-26 08:46:28','s\'est connecté;',1),(22,'2020-01-30 08:22:33','s\'est connecté;',1),(24,'2020-01-30 08:56:43','s\'est connecté;',1),(25,'2020-01-30 08:57:20','s\'est connecté;',9),(26,'2020-01-30 09:11:59','a créer la nouvelle application n°=23 ;',9),(27,'2020-01-30 09:48:03','s\'est connecté;',1),(28,'2020-01-30 14:12:10','s\'est connecté;',1),(29,'2020-01-30 14:29:18','s\'est connecté;',1),(30,'2020-01-30 14:30:18','s\'est connecté;',1),(31,'2020-01-30 14:37:05','s\'est connecté;',9),(32,'2020-01-30 14:46:15','s\'est connecté;',9),(33,'2020-01-30 15:24:20','s\'est connecté;',9),(34,'2020-02-02 08:36:11','s\'est connecté;',1),(35,'2020-02-03 09:10:09','a validé l\'application n° = 22 ;',1),(36,'2020-02-03 09:10:25','s\'est connecté;',9),(37,'2020-02-04 11:33:08','a modifier la nouvelle application n°=23 ;',9),(38,'2020-02-04 11:34:54','a modifier la nouvelle application n°=23 ;',9),(39,'2020-02-04 12:59:22','a modifier la nouvelle application n°=23 ;',9),(40,'2020-02-04 12:59:39','a modifier la nouvelle application n°=23 ;',9),(41,'2020-02-04 13:02:32','a modifier la nouvelle application n°=23 ;',9),(42,'2020-02-04 13:07:02','a modifier la nouvelle application n°=23 ;',9),(43,'2020-02-04 13:07:32','a modifier la nouvelle application n°=23 ;',9),(44,'2020-02-04 14:17:37','a modifier la nouvelle application n°=23 ;',9),(45,'2020-02-04 14:20:35','a modifier la nouvelle application n°=23 ;',9),(46,'2020-02-04 14:21:02','a modifier la nouvelle application n°=23 ;',9),(47,'2020-02-04 14:21:44','a modifier la nouvelle application n°=23 ;',9),(48,'2020-02-04 14:22:39','a modifier la nouvelle application n°=23 ;',9),(49,'2020-02-04 14:23:16','a modifier la nouvelle application n°=23 ;',9),(50,'2020-02-04 14:32:59','a modifier la nouvelle application n°=23 ;',9),(51,'2020-02-04 15:22:47','a modifier la nouvelle application n°=23 ;',9),(52,'2020-02-04 15:25:45','a modifier la nouvelle application n°=23 ;',9),(53,'2020-02-04 15:28:08','a modifier la nouvelle application n°=23 ;',9),(54,'2020-02-04 15:29:02','a modifier la nouvelle application n°=23 ;',9),(55,'2020-02-05 08:16:49','a modifier la nouvelle application n°=23 ;',9),(56,'2020-02-05 08:17:10','a modifier la nouvelle application n°=23 ;',9),(57,'2020-02-05 08:21:46','a modifier la nouvelle application n°=23 ;',9),(58,'2020-02-05 08:31:49','a modifier la nouvelle application n°=23 ;',9),(59,'2020-02-05 08:32:15','a modifier la nouvelle application n°=23 ;',9),(60,'2020-02-05 09:06:50','a modifier la nouvelle application n°=23 ;',9),(61,'2020-02-05 09:08:27','a modifier la nouvelle application n°=23 ;',9),(62,'2020-02-05 09:11:24','a modifier la nouvelle application n°=23 ;',9),(63,'2020-02-05 09:11:46','a modifier la nouvelle application n°=23 ;',9),(64,'2020-02-05 09:12:23','a modifier la nouvelle application n°=23 ;',9),(65,'2020-02-05 09:13:50','a modifier la nouvelle application n°=23 ;',9),(66,'2020-02-05 09:14:13','a modifier la nouvelle application n°=23 ;',9),(67,'2020-02-05 09:14:34','a modifier la nouvelle application n°=23 ;',9),(68,'2020-02-05 09:16:28','s\'est connecté;',1),(69,'2020-02-05 09:38:03','a modifier l\'application n°=23 ;',1),(70,'2020-02-05 09:39:38','a modifier l\'application n°=23 ;',1),(71,'2020-02-05 09:40:12','a validé l\'application n° = 23 ;',1),(72,'2020-02-05 09:40:48','a modifier l\'application n°=23 ;',1),(73,'2020-02-05 09:40:57','a modifier l\'application n°=23 ;',1),(74,'2020-02-05 09:42:20','s\'est connecté;',1),(75,'2020-02-05 09:42:34','a modifier l\'application n°=23 ;',1),(76,'2020-02-05 09:42:51','a modifier l\'application n°=23 ;',1),(77,'2020-02-05 09:51:45','s\'est connecté;',9),(78,'2020-02-05 09:58:33','s\'est connecté;',9),(79,'2020-02-05 09:59:28','s\'est connecté;',1),(80,'2020-02-05 11:03:27','s\'est connecté;',2),(81,'2020-02-05 11:06:39','s\'est connecté;',1),(82,'2020-02-05 11:06:50','a modifier le mote de passe du compte n°=2 ;',1),(83,'2020-02-05 11:07:22','s\'est connecté;',2),(84,'2020-02-05 11:08:32','s\'est connecté;',1),(85,'2020-02-05 11:08:44','a modifier le mote de passe du compte n°=2 ;',1),(86,'2020-02-05 11:09:31','s\'est connecté;',1),(87,'2020-02-05 11:09:39','a modifier le mote de passe du compte n°=2 ;',1),(88,'2020-02-05 11:22:52','a augmenter les privilèges du compte n°=2 ;',1),(89,'2020-02-05 11:28:43','a augmenter les privilèges du compte n°=2 ;',1),(90,'2020-02-05 11:28:53','a augmenter les privilèges du compte n°=2 ;',1),(91,'2020-02-05 11:29:03','a augmenter les privilèges du compte n°=2 ;',1),(92,'2020-02-05 11:42:31','s\'est connecté;',1),(93,'2020-02-05 11:43:14','s\'est connecté;',6),(94,'2020-02-05 11:43:45','a mis à jour son compte ;',6),(95,'2020-02-06 14:15:07','s\'est connecté;',1),(96,'2020-02-06 14:15:20','a augmenter les privilèges du compte n°=6 ;',1),(97,'2020-02-06 14:15:26','a augmenter les privilèges du compte n°=6 ;',1),(98,'2020-02-06 14:57:09','s\'est connecté;',2),(99,'2020-02-06 15:01:43','s\'est connecté;',1),(100,'2020-02-06 15:02:13','s\'est connecté;',1),(101,'2020-02-06 15:03:18','s\'est connecté;',1),(102,'2020-02-06 15:06:02','s\'est connecté;',2),(103,'2020-02-06 15:06:29','s\'est connecté;',1),(104,'2020-02-06 15:10:43','a modifier l\'application n°=15 ;',1),(105,'2020-02-09 10:23:17','s\'est connecté;',1),(106,'2020-02-09 11:25:10','a modifier l\'application n°=15 ;',1),(107,'2020-02-11 08:30:40','s\'est connecté;',6),(108,'2020-02-11 08:37:49','a créer la nouvelle application n°=24 ;',6),(109,'2020-02-11 08:39:01','s\'est connecté;',1),(110,'2020-02-11 08:39:24','a augmenter les privilèges du compte n°=2 ;',1),(111,'2020-02-11 08:39:31','a augmenter les privilèges du compte n°=2 ;',1),(112,'2020-02-11 08:39:41','a validé l\'application n° = 24 ;',1),(113,'2020-02-11 10:17:35','s\'est connecté;',1),(114,'2020-02-11 10:17:48','s\'est connecté;',6),(115,'2020-02-11 11:18:45','s\'est connecté;',1),(116,'2020-02-11 11:20:00','s\'est connecté;',6),(117,'2020-02-11 11:29:18','a mis à jour son compte ;',6),(118,'2020-02-11 11:32:53','s\'est connecté;',9),(119,'2020-02-11 13:27:19','s\'est connecté;',1),(120,'2020-02-11 14:01:41','s\'est connecté;',2),(121,'2020-02-11 14:25:47','s\'est connecté;',2),(122,'2020-02-11 15:18:33','s\'est connecté;',2),(123,'2020-09-11 11:53:22','s\'est connecté;',1),(124,'2020-09-11 12:07:50','s\'est connecté;',1),(125,'2020-09-11 13:14:53','a validé l\'application n° = 23 ;',1),(126,'2020-09-11 13:15:24','a validé l\'application n° = 13 ;',1),(127,'2020-09-11 13:15:24','a validé l\'application n° = 15 ;',1),(128,'2020-09-11 13:16:00','a changer l\'état du compte n°=4 a inactive ;',1),(129,'2020-09-11 13:16:54','s\'est connecté;',6),(130,'2020-09-11 13:19:33','a modifier l\'application n°=24 ;',6),(131,'2020-09-11 13:20:08','a modifier l\'application n°=24 ;',6),(132,'2020-09-11 13:43:58','a modifier l\'application n°=24 ;',6),(133,'2020-09-11 14:14:56','s\'est connecté;',1),(134,'2020-09-11 14:56:24','a changer l\'état du compte n°=4 a active ;',1),(135,'2020-09-11 14:56:31','a changer l\'état du compte n°=5 a inactive ;',1),(136,'2020-09-11 15:00:42','s\'est connecté;',6),(137,'2020-09-11 15:03:04','s\'est connecté;',1),(138,'2020-09-11 15:17:47','s\'est connecté;',1),(139,'2020-09-11 15:57:26','s\'est inscrit;',10),(140,'2020-09-11 15:57:41','s\'est connecté;',1),(141,'2020-09-11 15:58:12','a changer l\'état du compte n°=10 a active ;',1),(142,'2020-09-11 15:58:36','s\'est connecté;',10),(143,'2020-09-11 16:04:02','a créer la nouvelle application n°=25 ;',10),(144,'2020-09-11 16:04:44','s\'est connecté;',1),(145,'2020-09-11 16:13:07','s\'est connecté;',10),(146,'2020-09-11 16:20:02','s\'est connecté;',6),(147,'2020-09-11 16:21:17','s\'est connecté;',1),(148,'2020-09-11 16:56:20','s\'est connecté;',1),(149,'2020-09-11 16:57:04','s\'est connecté;',1),(150,'2020-09-11 16:59:55','s\'est connecté;',6),(151,'2020-09-11 17:00:21','s\'est connecté;',6),(152,'2020-09-11 17:00:42','s\'est connecté;',6),(153,'2020-09-11 17:03:08','s\'est connecté;',6),(154,'2020-09-11 17:04:53','s\'est connecté;',6),(155,'2020-09-11 17:06:59','s\'est connecté;',1),(156,'2020-09-11 17:10:03','a changer l\'état du compte n°=2 a inactive ;',1),(157,'2020-09-11 17:11:19','a validé l\'application n° = 24 ;',1),(158,'2020-09-11 17:14:23','s\'est connecté;',6),(159,'2020-09-11 17:15:51','s\'est connecté;',6),(160,'2020-09-11 17:28:20','s\'est connecté;',1),(161,'2020-09-11 17:30:14','s\'est connecté;',6),(162,'2020-09-11 17:30:41','s\'est connecté;',6),(163,'2020-09-11 20:06:49','s\'est connecté;',1),(164,'2020-09-11 20:10:53','s\'est connecté;',6),(165,'2020-09-11 20:26:49','s\'est connecté;',1),(166,'2020-09-11 20:29:42','a changer l\'état du compte n°=2 a active ;',1),(167,'2020-09-13 08:36:21','s\'est connecté;',1),(168,'2020-09-13 08:36:57','s\'est connecté;',3),(169,'2020-09-14 08:56:48','s\'est connecté;',3),(170,'2020-09-14 09:27:38','a mis à jour son compte ;',3),(171,'2020-09-14 09:30:37','a mis à jour son compte ;',3),(172,'2020-09-14 10:30:05','s\'est connecté;',3),(173,'2020-09-14 10:30:39','s\'est connecté;',1),(174,'2020-09-14 10:34:00','s\'est connecté;',3),(175,'2020-09-15 09:07:32','s\'est connecté;',3),(176,'2020-09-15 13:14:16','s\'est connecté;',3),(177,'2020-09-16 09:05:48','a créer la nouvelle application n°=26 ;',3),(178,'2020-09-16 11:17:01','a créer la nouvelle application n°=27 ;',3),(179,'2020-09-16 11:26:00','a créer la nouvelle application n°=28 ;',3),(180,'2020-09-16 11:46:12','s\'est connecté;',3),(181,'2020-09-16 13:45:31','a mis à jour son compte ;',3),(182,'2020-09-16 13:49:31','s\'est connecté;',3),(183,'2020-09-16 13:56:10','s\'est connecté;',1),(184,'2020-09-16 14:14:29','s\'est inscrit;',11),(185,'2020-09-16 14:16:45','s\'est inscrit;',12),(186,'2020-09-16 14:17:21','s\'est inscrit;',13),(187,'2020-09-16 14:17:41','s\'est connecté;',1),(188,'2020-09-16 14:17:57','a changer l\'état du compte n°=11 a active ;',1),(189,'2020-09-16 14:18:04','a changer l\'état du compte n°=12 a active ;',1),(190,'2020-09-16 15:03:54','s\'est inscrit;',14),(191,'2020-09-16 15:04:35','s\'est inscrit;',15),(192,'2020-09-16 15:05:08','s\'est inscrit;',16),(193,'2020-09-16 15:06:08','s\'est inscrit;',17),(194,'2020-09-16 15:06:48','s\'est inscrit;',18),(195,'2020-09-16 15:07:13','s\'est inscrit;',19),(196,'2020-09-16 15:07:43','s\'est inscrit;',20),(197,'2020-09-16 15:08:42','s\'est inscrit;',21),(198,'2020-09-16 15:09:45','s\'est inscrit;',22),(199,'2020-09-16 15:10:31','s\'est inscrit;',23),(200,'2020-09-16 15:11:59','s\'est inscrit;',24),(201,'2020-09-16 15:12:32','s\'est inscrit;',25),(202,'2020-09-16 15:13:05','s\'est inscrit;',26),(203,'2020-09-16 15:14:27','s\'est inscrit;',27),(204,'2020-09-16 15:15:18','s\'est inscrit;',28),(205,'2020-09-16 15:15:59','s\'est inscrit;',29),(206,'2020-09-16 15:17:35','s\'est connecté;',1),(207,'2020-09-16 15:17:51','a changer l\'état du compte n°=13 a active ;',1),(208,'2020-09-16 15:17:58','a changer l\'état du compte n°=14 a active ;',1),(209,'2020-09-16 15:18:06','a changer l\'état du compte n°=15 a active ;',1),(210,'2020-09-16 15:18:12','a changer l\'état du compte n°=16 a active ;',1),(211,'2020-09-16 15:18:19','a changer l\'état du compte n°=17 a active ;',1),(212,'2020-09-16 15:18:24','a changer l\'état du compte n°=18 a active ;',1),(213,'2020-09-16 15:18:28','a changer l\'état du compte n°=19 a active ;',1),(214,'2020-09-16 15:18:33','a changer l\'état du compte n°=20 a active ;',1),(215,'2020-09-16 15:18:39','a changer l\'état du compte n°=21 a active ;',1),(216,'2020-09-16 15:18:44','a changer l\'état du compte n°=22 a active ;',1),(217,'2020-09-16 15:18:50','a changer l\'état du compte n°=23 a active ;',1),(218,'2020-09-16 15:18:54','a changer l\'état du compte n°=24 a active ;',1),(219,'2020-09-16 15:18:59','a changer l\'état du compte n°=25 a active ;',1),(220,'2020-09-16 15:19:04','a changer l\'état du compte n°=26 a active ;',1),(221,'2020-09-16 15:19:09','a changer l\'état du compte n°=27 a active ;',1),(222,'2020-09-16 15:19:15','a changer l\'état du compte n°=28 a active ;',1),(223,'2020-09-16 15:19:20','a changer l\'état du compte n°=29 a active ;',1),(224,'2020-09-17 08:42:26','s\'est connecté;',3),(225,'2020-09-17 08:46:45','a télécharger la liste de ses applications recensées ;',3),(226,'2020-09-17 08:46:46','a télécharger la liste de ses applications recensées ;',3),(227,'2020-09-17 10:06:41','a télécharger la liste de ses applications recensées ;',3),(228,'2020-09-17 10:06:42','a télécharger la liste de ses applications recensées ;',3),(229,'2020-09-17 10:09:50','s\'est connecté;',1),(230,'2020-09-17 10:10:08','a modifier le mote de passe du compte n°=6 ;',1),(231,'2020-09-17 10:10:26','s\'est connecté;',6),(232,'2020-09-17 10:10:42','a mis à jour son compte ;',6),(233,'2020-09-17 10:14:41','s\'est connecté;',1),(234,'2020-09-17 10:14:52','a modifier le mote de passe du compte n°=6 ;',1),(235,'2020-09-17 10:15:04','s\'est connecté;',6),(236,'2020-09-17 10:15:15','a télécharger la liste de ses applications recensées ;',6),(237,'2020-09-17 10:15:15','a télécharger la liste de ses applications recensées ;',6),(238,'2020-09-17 10:16:22','s\'est connecté;',6),(239,'2020-09-17 10:16:34','a mis à jour son compte ;',6),(240,'2020-09-17 10:17:53','s\'est connecté;',6),(241,'2020-09-17 10:18:15','a mis à jour son compte ;',6),(242,'2020-09-17 10:20:53','a mis à jour son compte ;',6),(243,'2020-09-17 10:21:36','a mis à jour son compte ;',6),(244,'2020-09-17 10:27:54','a mis à jour son compte ;',6),(245,'2020-09-17 10:28:04','a mis à jour son compte ;',6),(246,'2020-09-17 10:28:24','s\'est connecté;',6),(247,'2020-09-17 11:05:25','s\'est connecté;',6),(248,'2020-09-17 11:29:49','s\'est connecté;',6),(249,'2020-09-17 11:30:54','a télécharger la liste de ses applications recensées ;',6),(250,'2020-09-17 11:30:55','a télécharger la liste de ses applications recensées ;',6),(251,'2020-09-17 11:31:52','s\'est connecté;',1),(252,'2020-09-17 11:32:02','a modifier le mote de passe du compte n°=3 ;',1),(253,'2020-09-17 11:32:16','s\'est connecté;',3),(254,'2020-09-17 11:32:44','a mis à jour son compte ;',3),(255,'2020-09-17 11:32:48','a télécharger la liste de ses applications recensées ;',3),(256,'2020-09-17 11:32:49','a télécharger la liste de ses applications recensées ;',3),(257,'2020-09-17 11:34:17','a télécharger la liste de ses applications recensées ;',3),(258,'2020-09-17 11:35:19','a télécharger la liste de ses applications recensées ;',3),(259,'2020-09-17 11:36:27','s\'est connecté;',1),(260,'2020-09-17 11:36:39','a modifier le mote de passe du compte n°=6 ;',1),(261,'2020-09-17 11:36:53','s\'est connecté;',6),(262,'2020-09-17 11:37:01','a télécharger la liste de ses applications recensées ;',6),(263,'2020-09-17 11:37:01','a télécharger la liste de ses applications recensées ;',6),(264,'2020-09-17 11:38:52','s\'est connecté;',3),(265,'2020-09-17 11:38:59','a télécharger la liste de ses applications recensées ;',3),(266,'2020-09-17 11:39:29','a télécharger la liste de ses applications recensées ;',3),(267,'2020-09-17 11:41:22','a télécharger la liste de ses applications recensées ;',6),(268,'2020-09-17 11:41:40','a télécharger la liste de ses applications recensées ;',6),(269,'2020-09-17 11:46:05','a télécharger la liste de ses applications recensées ;',3),(270,'2020-09-17 11:46:25','a télécharger la liste de ses applications recensées ;',3),(271,'2020-09-17 11:52:47','a télécharger la liste de ses applications recensées ;',6),(272,'2020-09-17 11:52:59','a télécharger la liste de ses applications recensées ;',6),(273,'2020-09-17 11:53:17','a télécharger la liste de ses applications recensées ;',6),(274,'2020-09-17 12:15:35','a télécharger la liste de ses applications recensées ;',6),(275,'2020-09-17 12:17:06','s\'est connecté;',3),(276,'2020-09-17 12:17:12','a télécharger la liste de ses applications recensées ;',3),(277,'2020-09-17 12:17:37','a télécharger la liste de ses applications recensées ;',3),(278,'2020-09-17 12:21:15','a télécharger la liste de ses applications recensées ;',3),(279,'2020-09-17 12:21:38','a télécharger la liste de ses applications recensées ;',3),(280,'2020-09-17 12:22:28','a télécharger la liste de ses applications recensées ;',3),(281,'2020-09-17 12:22:57','a télécharger la liste de ses applications recensées ;',3),(282,'2020-09-17 12:23:15','a télécharger la liste de ses applications recensées ;',3),(283,'2020-09-17 12:23:55','a télécharger la liste de ses applications recensées ;',3),(284,'2020-09-17 12:24:22','a télécharger la liste de ses applications recensées ;',3),(285,'2020-09-17 12:24:33','a télécharger la liste de ses applications recensées ;',6),(286,'2020-09-17 12:25:04','a télécharger la liste de ses applications recensées ;',3),(287,'2020-09-17 12:29:41','a télécharger la liste de ses applications recensées ;',3),(288,'2020-09-17 12:30:56','a télécharger la liste de ses applications recensées ;',3),(289,'2020-09-17 12:31:50','a télécharger la liste de ses applications recensées ;',3),(290,'2020-09-17 12:32:09','a télécharger la liste de ses applications recensées ;',3),(291,'2020-09-17 12:32:52','a télécharger la liste de ses applications recensées ;',3),(292,'2020-09-17 12:33:21','a télécharger la liste de ses applications recensées ;',3),(293,'2020-09-17 12:38:29','a télécharger la liste de ses applications recensées ;',3),(294,'2020-09-17 12:39:28','a télécharger la liste de ses applications recensées ;',3),(295,'2020-09-17 12:40:17','a télécharger la liste de ses applications recensées ;',3),(296,'2020-09-17 12:41:32','a télécharger la liste de ses applications recensées ;',3),(297,'2020-09-17 12:41:55','a télécharger la liste de ses applications recensées ;',3),(298,'2020-09-17 12:42:44','a télécharger la liste de ses applications recensées ;',3),(299,'2020-09-17 12:43:39','a télécharger la liste de ses applications recensées ;',3),(300,'2020-09-17 12:43:49','a télécharger la liste de ses applications recensées ;',3),(301,'2020-09-17 12:44:24','a télécharger la liste de ses applications recensées ;',3),(302,'2020-09-17 12:47:09','a télécharger la liste de ses applications recensées ;',3),(303,'2020-09-17 12:47:44','a télécharger la liste de ses applications recensées ;',3),(304,'2020-09-17 12:49:00','a télécharger la liste de ses applications recensées ;',3),(305,'2020-09-17 12:49:09','a télécharger la liste de ses applications recensées ;',3),(306,'2020-09-17 12:50:31','a télécharger la liste de ses applications recensées ;',3),(307,'2020-09-17 12:50:56','a télécharger la liste de ses applications recensées ;',3),(308,'2020-09-17 12:51:07','a télécharger la liste de ses applications recensées ;',3),(309,'2020-09-17 12:51:19','a télécharger la liste de ses applications recensées ;',3),(310,'2020-09-17 12:51:38','a télécharger la liste de ses applications recensées ;',3),(311,'2020-09-17 12:51:47','a télécharger la liste de ses applications recensées ;',3),(312,'2020-09-17 12:52:12','a télécharger la liste de ses applications recensées ;',3),(313,'2020-09-17 12:53:25','a télécharger la liste de ses applications recensées ;',3),(314,'2020-09-17 12:53:40','a télécharger la liste de ses applications recensées ;',3),(315,'2020-09-17 12:54:01','a télécharger la liste de ses applications recensées ;',3),(316,'2020-09-17 12:54:44','a télécharger la liste de ses applications recensées ;',6),(317,'2020-09-17 12:55:02','a télécharger la liste de ses applications recensées ;',6),(318,'2020-09-17 13:17:38','a télécharger la liste de ses applications recensées ;',6),(319,'2020-09-17 13:18:32','s\'est connecté;',1),(320,'2020-09-17 13:35:39','s\'est connecté;',1),(321,'2020-09-17 13:37:41','s\'est connecté;',1),(322,'2020-09-17 13:39:35','s\'est connecté;',21),(323,'2020-09-17 13:41:48','s\'est connecté;',1),(324,'2020-09-17 14:16:07','s\'est connecté;',21),(325,'2020-09-17 14:16:57','s\'est connecté;',3),(326,'2020-09-17 14:17:05','a télécharger la liste de ses applications recensées ;',3),(327,'2020-09-17 14:17:06','a télécharger la liste de ses applications recensées ;',3),(328,'2020-09-19 14:42:52','s\'est connecté;',3),(329,'2020-09-19 14:43:08','a télécharger la liste de ses applications recensées ;',3),(330,'2020-09-19 14:50:28','a télécharger la liste de ses applications recensées ;',3),(331,'2020-09-19 15:11:11','s\'est connecté;',1),(332,'2020-09-19 21:39:24','s\'est connecté;',1),(333,'2020-09-19 21:57:07','s\'est connecté;',1),(334,'2020-09-19 22:21:01','a inscrit le compte :34',1),(335,'2020-09-20 14:36:59','s\'est connecté;',3),(336,'2020-09-20 14:37:13','a télécharger la liste de ses applications recensées ;',3),(337,'2020-09-20 14:37:13','a télécharger la liste de ses applications recensées ;',3),(338,'2020-09-20 14:37:44','s\'est connecté;',1),(339,'2020-09-20 14:53:11','s\'est connecté;',1),(340,'2020-09-20 14:56:42','s\'est connecté;',3),(341,'2020-09-20 15:00:37','a télécharger la liste de ses applications recensées ;',3),(342,'2020-09-20 15:00:37','a télécharger la liste de ses applications recensées ;',3),(343,'2020-09-20 15:43:36','s\'est connecté;',3),(344,'2020-09-21 08:41:23','s\'est connecté;',1),(345,'2020-09-21 08:42:38','a inscrit le compte :35',1),(346,'2020-09-21 08:42:59','a changer l\'état du compte n°=35 a active ;',1),(347,'2020-09-22 12:54:40','s\'est connecté;',1),(348,'2020-09-22 12:55:55','s\'est connecté;',3),(349,'2020-09-22 12:56:38','a télécharger la liste de ses applications recensées ;',3),(350,'2020-09-22 12:56:39','a télécharger la liste de ses applications recensées ;',3),(351,'2020-09-22 12:57:08','a télécharger la liste de ses applications recensées ;',3),(352,'2020-09-22 12:57:09','a télécharger la liste de ses applications recensées ;',3),(353,'2020-09-22 13:31:11','s\'est connecté;',3),(354,'2020-09-22 13:32:10','a télécharger la liste de ses applications recensées ;',3),(355,'2020-09-22 13:32:10','a télécharger la liste de ses applications recensées ;',3),(356,'2020-09-24 10:06:19','s\'est connecté;',1),(357,'2020-09-24 10:40:56','s\'est connecté;',1),(358,'2020-09-24 10:54:26','a inscrit le compte :36',1),(359,'2020-09-24 10:55:19','a inscrit le compte :37',1),(360,'2020-09-24 10:55:39','a changer l\'état du compte n°=37 a active ;',1),(361,'2020-09-24 10:56:20','s\'est connecté;',37),(362,'2020-09-24 10:56:48','a mis à jour son compte ;',37),(363,'2020-09-24 10:57:00','s\'est connecté;',1),(364,'2020-09-24 11:06:54','s\'est connecté;',1),(365,'2020-09-24 11:08:03','s\'est connecté;',1),(366,'2020-09-24 11:16:01','s\'est connecté;',1),(367,'2020-09-24 11:19:16','s\'est connecté;',1),(368,'2020-09-24 11:50:09','s\'est connecté;',1),(369,'2020-09-24 12:29:26','s\'est connecté;',1),(370,'2020-09-24 12:51:19','s\'est connecté;',1),(371,'2020-09-24 12:54:10','s\'est connecté;',3),(372,'2020-09-24 13:32:37','s\'est connecté;',1),(373,'2020-09-24 13:41:08','s\'est connecté;',1),(374,'2020-09-24 13:52:48','s\'est connecté;',1),(375,'2020-09-24 13:53:26','a inscrit le compte :38',1),(376,'2020-09-24 13:56:32','a inscrit le compte :39',1),(377,'2020-09-24 14:40:09','s\'est connecté;',1),(378,'2020-09-24 14:49:00','s\'est connecté;',3),(379,'2020-09-24 14:53:47','a télécharger la liste de ses applications recensées ;',3),(380,'2020-09-24 14:53:48','a télécharger la liste de ses applications recensées ;',3),(381,'2020-09-27 09:44:10','s\'est connecté;',1),(382,'2020-09-27 09:44:19','s\'est connecté;',1),(383,'2020-09-27 10:02:39','s\'est connecté;',3),(384,'2020-09-27 11:56:03','s\'est connecté;',3),(385,'2020-09-27 12:37:33','s\'est connecté;',3),(386,'2020-09-27 14:04:14','s\'est connecté;',3),(387,'2020-09-27 14:47:01','s\'est connecté;',3),(388,'2020-09-27 15:04:59','s\'est connecté;',3),(389,'2020-09-27 15:05:15','s\'est connecté;',3),(390,'2020-09-27 15:09:19','a créer la nouvelle application n°=29 ;',3),(391,'2020-09-27 15:09:34','a supprimer l\'application n° = 29 ;',3),(392,'2020-09-27 15:42:53','s\'est connecté;',3),(393,'2020-09-27 15:52:14','s\'est connecté;',3),(394,'2020-09-27 15:59:49','s\'est connecté;',3),(395,'2020-09-28 15:16:26','s\'est connecté;',3),(396,'2020-09-28 15:22:46','a créer la nouvelle application n°=29 ;',3),(397,'2020-09-28 15:28:07','s\'est connecté;',3),(398,'2020-09-28 15:29:11','a supprimer l\'application n° = 29 ;',3),(399,'2020-09-28 15:30:57','a créer la nouvelle application n°=30 ;',3),(400,'2020-09-28 15:42:32','s\'est connecté;',3),(401,'2020-09-28 15:43:28','s\'est connecté;',1),(402,'2020-09-28 15:55:52','s\'est connecté;',1),(403,'2020-09-29 10:33:27','s\'est connecté;',1),(404,'2020-09-29 10:47:11','s\'est connecté;',1),(405,'2020-09-29 10:51:16','a supprimer l\'application n° = 30 ;',1),(406,'2020-09-29 11:41:52','s\'est connecté;',1),(407,'2020-09-29 12:30:56','s\'est connecté;',1),(408,'2020-09-29 12:37:32','s\'est connecté;',1),(409,'2020-09-29 14:17:42','s\'est connecté;',1),(410,'2020-09-29 14:19:45','s\'est connecté;',3),(411,'2020-09-29 14:19:54','a télécharger la liste de ses applications recensées ;',3),(412,'2020-09-29 14:19:55','a télécharger la liste de ses applications recensées ;',3),(413,'2020-09-29 14:34:29','s\'est connecté;',3),(414,'2020-09-29 14:46:35','s\'est connecté;',3),(415,'2020-09-29 14:49:01','a modifier l\'application n°=28 ;',3),(416,'2020-09-29 14:49:06','a modifier l\'application n°=28 ;',3),(417,'2020-09-29 14:50:24','a modifier l\'application n°=28 ;',3),(418,'2020-09-29 14:50:52','a modifier l\'application n°=28 ;',3),(419,'2020-09-29 15:07:57','s\'est connecté;',3),(420,'2020-09-29 15:08:15','a modifier l\'application n°=28 ;',3),(421,'2020-09-29 15:09:33','a modifier l\'application n°=28 ;',3),(422,'2020-09-29 15:10:13','a modifier l\'application n°=28 ;',3),(423,'2020-09-29 15:26:44','s\'est connecté;',3),(424,'2020-09-29 15:42:18','s\'est connecté;',3),(425,'2020-09-29 15:50:11','s\'est connecté;',3),(426,'2020-09-29 15:50:29','a modifier l\'application n°=28 ;',3),(427,'2020-09-30 09:37:55','s\'est connecté;',3),(428,'2020-09-30 09:38:19','a modifier l\'application n°=28 ;',3),(429,'2020-09-30 09:45:42','s\'est connecté;',3),(430,'2020-09-30 09:46:06','a modifier l\'application n°=28 ;',3),(431,'2020-09-30 09:58:33','s\'est connecté;',3),(432,'2020-09-30 09:58:40','a télécharger la liste de ses applications recensées ;',3),(433,'2020-09-30 09:58:40','a télécharger la liste de ses applications recensées ;',3),(434,'2020-09-30 09:59:04','a télécharger la liste de ses applications recensées ;',3),(435,'2020-09-30 09:59:05','a télécharger la liste de ses applications recensées ;',3),(436,'2020-09-30 10:07:17','a télécharger la liste de ses applications recensées ;',3),(437,'2020-09-30 10:07:18','a télécharger la liste de ses applications recensées ;',3),(438,'2020-09-30 10:09:09','a modifier l\'application n°=28 ;',3),(439,'2020-09-30 10:23:47','s\'est connecté;',3),(440,'2020-09-30 10:27:13','s\'est connecté;',3),(441,'2020-10-01 08:14:06','s\'est connecté;',1),(442,'2020-10-01 08:29:26','s\'est connecté;',1),(443,'2020-10-01 08:32:37','s\'est connecté;',20),(444,'2020-10-01 08:33:17','s\'est connecté;',1),(445,'2020-10-01 08:33:28','a modifier le mote de passe du compte n°=14 ;',1),(446,'2020-10-01 08:33:40','s\'est connecté;',14),(447,'2020-10-01 08:33:55','a mis à jour son compte ;',14),(448,'2020-10-01 08:34:08','s\'est connecté;',14),(449,'2020-10-01 08:36:43','s\'est connecté;',1),(450,'2020-10-01 08:38:03','s\'est connecté;',15),(451,'2020-10-01 08:40:19','s\'est connecté;',1),(452,'2020-10-01 08:40:58','s\'est connecté;',16),(453,'2020-10-01 08:41:19','s\'est connecté;',1),(454,'2020-10-01 08:41:51','s\'est connecté;',17),(455,'2020-10-01 08:42:29','s\'est connecté;',1),(456,'2020-10-01 08:42:59','s\'est connecté;',18),(457,'2020-10-01 08:43:27','s\'est connecté;',1),(458,'2020-10-01 08:43:57','s\'est connecté;',19),(459,'2020-10-01 08:45:31','s\'est connecté;',1),(460,'2020-10-01 08:45:50','s\'est connecté;',20),(461,'2020-10-01 08:46:58','s\'est connecté;',1),(462,'2020-10-01 08:47:53','s\'est connecté;',1),(463,'2020-10-01 08:48:02','a modifier le mote de passe du compte n°=21 ;',1),(464,'2020-10-01 08:48:16','s\'est connecté;',21),(465,'2020-10-01 08:48:28','a mis à jour son compte ;',21),(466,'2020-10-01 08:48:46','s\'est connecté;',21),(467,'2020-10-01 08:49:54','s\'est connecté;',22),(468,'2020-10-01 08:50:32','s\'est connecté;',23),(469,'2020-10-01 08:51:08','s\'est connecté;',1),(470,'2020-10-01 08:51:52','s\'est connecté;',27),(471,'2020-10-01 08:53:24','s\'est connecté;',1),(472,'2020-10-01 08:54:44','a inscrit le compte :40',1),(473,'2020-10-01 08:54:52','a changer l\'état du compte n°=40 a active ;',1),(474,'2020-10-01 08:55:21','s\'est connecté;',28),(475,'2020-10-01 08:56:07','s\'est connecté;',1),(476,'2020-10-01 08:56:27','a changer l\'état du compte n°=34 a inactive ;',1),(477,'2020-10-01 08:56:33','a changer l\'état du compte n°=35 a inactive ;',1),(478,'2020-10-01 08:56:38','a changer l\'état du compte n°=36 a inactive ;',1),(479,'2020-10-01 08:56:44','a changer l\'état du compte n°=37 a inactive ;',1),(480,'2020-10-01 08:58:15','s\'est connecté;',29),(481,'2020-10-01 08:58:35','s\'est connecté;',40),(482,'2020-10-01 09:02:46','s\'est connecté;',1),(483,'2020-10-01 09:30:39','s\'est connecté;',1),(484,'2020-10-01 09:31:17','s\'est connecté;',1),(485,'2020-10-01 09:31:28','a modifier le mote de passe du compte n°=10 ;',1),(486,'2020-10-01 09:31:48','s\'est connecté;',10),(487,'2020-10-01 09:31:57','a supprimer l\'application n° = 25 ;',10),(488,'2020-10-01 09:32:16','a mis à jour son compte ;',10),(489,'2020-10-01 09:32:33','s\'est connecté;',10),(490,'2020-10-01 09:34:18','s\'est connecté;',10),(491,'2020-10-01 09:34:35','s\'est connecté;',1),(492,'2020-10-01 09:35:42','a inscrit le compte :41',1),(493,'2020-10-01 09:35:50','a changer l\'état du compte n°=41 a active ;',1),(494,'2020-10-01 09:36:09','s\'est connecté;',41),(495,'2020-10-01 10:34:16','s\'est connecté;',1),(496,'2020-10-01 10:58:04','s\'est connecté;',1),(497,'2020-10-01 11:38:43','s\'est connecté;',1),(498,'2020-10-01 15:57:21','s\'est connecté;',3),(499,'2020-10-01 15:57:28','a télécharger la liste de ses applications recensées ;',3),(500,'2020-10-01 15:57:29','a télécharger la liste de ses applications recensées ;',3);
/*!40000 ALTER TABLE `logs` ENABLE KEYS */;
UNLOCK TABLES;

--
-- Table structure for table `membre`
--

DROP TABLE IF EXISTS `membre`;
/*!40101 SET @saved_cs_client     = @@character_set_client */;
/*!40101 SET character_set_client = utf8 */;
CREATE TABLE `membre` (
  `id_mbr` int(11) NOT NULL AUTO_INCREMENT,
  `nom_mbr` varchar(45) DEFAULT NULL,
  `prenom_mbr` varchar(45) DEFAULT NULL,
  `qualite_mbr` varchar(45) DEFAULT NULL,
  `grade_mbr` varchar(45) DEFAULT NULL,
  `structure_id` int(11) DEFAULT NULL,
  PRIMARY KEY (`id_mbr`),
  KEY `fk_membre_structure1_idx` (`structure_id`)
) ENGINE=InnoDB AUTO_INCREMENT=24 DEFAULT CHARSET=latin1;
/*!40101 SET character_set_client = @saved_cs_client */;

--
-- Dumping data for table `membre`
--

LOCK TABLES `membre` WRITE;
/*!40000 ALTER TABLE `membre` DISABLE KEYS */;
INSERT INTO `membre` VALUES (1,'hjghjhg','hjghjhg','','Lt/col',0),(2,'hjghjhj','hjghjhj',NULL,'Commandant',0),(3,'hjghjhg','hjghjhg',NULL,'Lt/col',0),(4,'hjghjhj','hjghjhj',NULL,'Commandant',0),(5,'hjg','hjg',NULL,'Lt/col',0),(6,'hjgh','hjgh',NULL,'Commandant',0),(7,'hjg','hjhg',NULL,'Lt/col',0),(8,'hjgh','jhj',NULL,'Commandant',0),(9,'CHAABANE','WAIL','Achritecte','Capitaine',18),(10,'CHIBEN','ALI','Developper','Capitaine',0),(11,'TCHALABI','WALID','Chef de projet','Lt/col',0),(12,'BOUMAAZA','AMER','Developper','Lieutenant',0),(13,'DHABI','tahar','Developper','Commandant',0),(14,'SAOU','HOCINE','Chef de projet','Capitaine',0),(15,'ALAOUI','Abdellatif','Chef de projet','Lt/col',2),(16,'MAJID','BOUKAL','Développeur','PCA',18),(17,'BOUKHELFA','SOFIANE','Développeur','Colonel',4),(18,'Youba','AKBAL','Développeur','Capitaine',10),(19,'KAISS','SAID','Chef de projet','Lt/col',10),(20,'Skendar','Djali','Développeur','Commandant',17),(21,'HADJOUD','AA','Développeur','PCA',18),(22,'AMEZIANE','ABLAA','Développeur','PCA',18),(23,'FARID','FERID','Développeur','PCA',6);
/*!40000 ALTER TABLE `membre` ENABLE KEYS */;
UNLOCK TABLES;

--
-- Table structure for table `sessions`
--

DROP TABLE IF EXISTS `sessions`;
/*!40101 SET @saved_cs_client     = @@character_set_client */;
/*!40101 SET character_set_client = utf8 */;
CREATE TABLE `sessions` (
  `id` int(11) NOT NULL AUTO_INCREMENT,
  `session_id` varchar(255) DEFAULT NULL,
  `data` text,
  `expiry` datetime DEFAULT NULL,
  PRIMARY KEY (`id`),
  UNIQUE KEY `session_id` (`session_id`)
) ENGINE=InnoDB AUTO_INCREMENT=142 DEFAULT CHARSET=latin1;
/*!40101 SET character_set_client = @saved_cs_client */;

--
-- Dumping data for table `sessions`
--

LOCK TABLES `sessions` WRITE;
/*!40000 ALTER TABLE `sessions` DISABLE KEYS */;
INSERT INTO `sessions` VALUES (1,'session:322a7001-1fdd-4fc9-b027-e84d84c3ecf3','{\"_fresh\":true,\"_id\":\"48d66c6487d5e79ebeacd5ff947c4e5fdc1086c42faa8a3b1f346d7ed55145227cd108772c601a4c6e37e585ad0351a42a0d59e5336834844e0a928940fae3d2\",\"_permanent\":true,\"captcha_answer\":null,\"user_id\":2}','2020-03-13 14:36:20'),(2,'session:978dbf81-f9ca-4ca5-900e-f8079ddc2bce','{\"_permanent\":true}','2020-02-26 07:46:01'),(3,'session:b2d15280-92b5-49e9-b814-316306fadfd9','{\"_permanent\":true}','2020-03-01 07:17:47'),(4,'session:741aae27-bc72-4581-b348-718abe490f18','{\"_permanent\":true}','2020-03-04 07:35:57'),(5,'session:755249eb-ede1-4aeb-b5a2-2202ba941ce8','{\"_permanent\":true}','2020-03-05 08:09:49'),(6,'session:44e513aa-7765-4047-81bc-0d50d71b4fe9','{\"_permanent\":true}','2020-03-06 08:09:44'),(7,'session:eb6b3b3a-f833-493f-ae5a-cf374fe2a0e0','{\"_permanent\":true}','2020-03-07 07:16:12'),(8,'session:e985949e-8c97-4a20-8bc4-2bc701474f75','{\"_permanent\":true}','2020-03-08 13:15:01'),(9,'session:2c433af8-8457-4b68-88e5-0a63bcb35e9c','{\"_permanent\":true}','2020-03-11 09:22:31'),(10,'session:b602be12-99e9-4720-8716-0159d2e7c8f1','{\"_permanent\":true}','2020-03-13 07:29:56'),(11,'session:f1cc749d-16f7-4323-8672-ad3672b16e03','{\"_fresh\":true,\"_id\":\"6deb6dc122f4c33939a3d520eb54c0dcb0eb7ce1d545322e97dbfd046c90a0489dc88e6ace95d3e3b436831ff4ea4bf4a6630470bd5a7a71467c14b451dbefba\",\"_permanent\":true,\"captcha_answer\":null,\"user_id\":1}','2020-10-12 19:29:45'),(12,'session:19365e98-bde4-425f-93c6-3f8afcf2ff73','{\"_id\":\"1a6c7a051e7f48a0383cdcfe704f96bb053a8592d9b9356c29ab0378338ad2fe5e308184a7ae29b9f6d2489a2748dfe351d3d6ad3263309df35cb3bee7e8e860\",\"_permanent\":true,\"captcha_answer\":\"66534\"}','2020-10-12 15:58:30'),(13,'session:fe40c9d6-4d55-4d3c-88e4-53eaba3b245a','{\"_fresh\":false,\"_permanent\":true}','2020-10-12 11:16:04'),(14,'session:50b99f41-d8e5-4902-832c-d032c4f08320','{\"_permanent\":true}','2020-10-12 11:30:12'),(15,'session:43c84b20-f3fc-4295-8d10-36b51e2dfcf3','{\"_fresh\":true,\"_id\":\"48d66c6487d5e79ebeacd5ff947c4e5fdc1086c42faa8a3b1f346d7ed55145227cd108772c601a4c6e37e585ad0351a42a0d59e5336834844e0a928940fae3d2\",\"_permanent\":true,\"captcha_answer\":null,\"user_id\":1}','2020-09-20 13:51:15'),(16,'session:898c9c92-3c04-4c08-89c1-5d60e74f5a8f','{\"_permanent\":true}','2020-10-15 07:56:38'),(17,'session:49616d85-cc74-448d-9a97-4400346736d2','{\"_permanent\":true}','2020-10-16 08:07:26'),(18,'session:8d5cb340-77f4-43fb-80a1-d080c0150cc9','{\"_permanent\":true}','2020-10-17 07:41:27'),(19,'session:65ff9512-5cdf-4fb1-96c9-986542bbc9d3','{\"_permanent\":true}','2020-10-18 07:42:14'),(20,'session:75d63d8b-d7e7-46e3-9d15-3ca9afd762b0','{\"_permanent\":true}','2020-10-18 09:06:03'),(21,'session:54408168-8321-42de-8cc4-ce9c341b17b4','{\"_fresh\":true,\"_id\":\"22d9f98c358cb5b1320b9d5f8249c030f96eebab509bdc20228d83aa183fe8cc771b39478763151911898c00f9b45c113da0f27921368988d31fea61d6cdecbd\",\"_permanent\":true,\"captcha_answer\":null,\"user_id\":6}','2020-10-18 09:38:14'),(22,'session:bcaf6c77-130a-4d21-b424-e700d28f23f1','{\"_permanent\":true}','2020-10-18 09:13:41'),(23,'session:0eaa500c-c4f8-4e87-b8ab-135a738c3fcb','{\"_permanent\":true}','2020-10-18 10:04:20'),(24,'session:6fb8acc7-0f26-4e17-88dd-5d1da1b06ee1','{\"_permanent\":true}','2020-10-18 10:29:21'),(25,'session:30a577e6-7535-4acc-a7ab-83ab1f1b0822','{\"_fresh\":true,\"_id\":\"bea1ff2a1621486a5f60a8ab5b96051e199b67f8ff5689069c9e6991b598b85a90d50c03e6fa3b76fe31d80f8cb04d8c507838700ee42a5a107bf4220c5f7c35\",\"_permanent\":true,\"captcha_answer\":\"67287\",\"user_id\":3}','2020-09-28 11:30:02'),(26,'session:81f1280a-67cc-49a6-9f0a-3c271c19bbf0','{\"_permanent\":true}','2020-10-18 10:38:35'),(27,'session:90ca54bf-1588-4f48-8d7b-cc101a8a0dd4','{\"_fresh\":true,\"_id\":\"7131f1e75988ca774191c97ec435334798a424e2df37e07ef2686baf3c082296aed150191b84f673e9186dd6b8b4b60aa03b28782a273a2ea3be25dcbf47d6b3\",\"_permanent\":true,\"captcha_answer\":null,\"user_id\":3}','2020-09-19 14:08:06'),(28,'session:64e0aa63-2e2f-4d8f-8d59-9449ebb24457','{\"_fresh\":true,\"_id\":\"7131f1e75988ca774191c97ec435334798a424e2df37e07ef2686baf3c082296aed150191b84f673e9186dd6b8b4b60aa03b28782a273a2ea3be25dcbf47d6b3\",\"_permanent\":true,\"captcha_answer\":null,\"user_id\":1}','2020-09-19 14:32:17'),(29,'session:7632aeb8-b866-4a5a-bc9d-9aea9e18ee7b','{\"_permanent\":true}','2020-09-19 14:24:43'),(30,'session:6e541442-1265-48e1-a3f6-457e3508c07f','{\"_fresh\":false,\"_permanent\":true,\"captcha_answer\":\"59680\"}','2020-09-19 14:58:52'),(31,'session:da552871-6f72-46ca-b1b9-f44513f4c9fe','{\"_fresh\":false,\"_permanent\":true,\"captcha_answer\":null}','2020-09-19 15:37:13'),(32,'session:28b4e97e-6fd4-4451-9dd6-ce9d06949d05','{\"_permanent\":true,\"captcha_answer\":null}','2020-09-19 15:48:30'),(33,'session:a5f0c4f1-4e96-449f-91ae-bd6567bfb4cc','{\"_permanent\":true,\"captcha_answer\":null}','2020-09-19 18:48:10'),(34,'session:e337ffae-ee02-43b2-b8dc-66235b1725d0','{\"_fresh\":false,\"_permanent\":true,\"captcha_answer\":\"71439\"}','2020-09-19 20:22:10'),(35,'session:51fa1a1a-b503-42e3-b495-b339f1186745','{\"_fresh\":false,\"_permanent\":true,\"captcha_answer\":\"90125\"}','2020-09-19 20:33:11'),(36,'session:d12fd2f4-8614-4139-9a97-6ffff4676b94','{\"_fresh\":true,\"_id\":\"7131f1e75988ca774191c97ec435334798a424e2df37e07ef2686baf3c082296aed150191b84f673e9186dd6b8b4b60aa03b28782a273a2ea3be25dcbf47d6b3\",\"_permanent\":true,\"captcha_answer\":\"17071\",\"user_id\":1}','2020-09-19 21:00:40'),(37,'session:9b6037e7-c67d-47d9-8b85-d680eb3884c8','{\"_permanent\":true}','2020-09-19 20:55:46'),(38,'session:b4cdc5a6-7882-4292-8e85-d94fefede88e','{\"_fresh\":true,\"_id\":\"1344faa021d2cb4210ba81883ce920d4f9921bdab28434e46d6bc1dc6fcb82429e51ad4a00400b4ce62ce955cf0ab294520cfc2b0c08d80e3a07f0b6ce2dec4d\",\"_permanent\":true,\"captcha_answer\":\"02315\",\"user_id\":1}','2020-09-19 21:26:53'),(39,'session:6db860d1-373e-4c7b-a519-814c2c3150da','{\"_permanent\":true}','2020-09-19 21:00:53'),(40,'session:2a962af5-2552-44db-bbad-786665fddab9','{\"_permanent\":true}','2020-09-20 13:41:48'),(41,'session:1757205e-4152-46eb-a2d9-b71d3bd7deef','{\"_id\":\"48d66c6487d5e79ebeacd5ff947c4e5fdc1086c42faa8a3b1f346d7ed55145227cd108772c601a4c6e37e585ad0351a42a0d59e5336834844e0a928940fae3d2\",\"_permanent\":true,\"captcha_answer\":\"49802\"}','2020-09-20 14:10:33'),(42,'session:88a05dcc-82ab-43bc-9602-4eb87b9a7418','{\"_fresh\":true,\"_id\":\"48d66c6487d5e79ebeacd5ff947c4e5fdc1086c42faa8a3b1f346d7ed55145227cd108772c601a4c6e37e585ad0351a42a0d59e5336834844e0a928940fae3d2\",\"_permanent\":true,\"captcha_answer\":null,\"user_id\":3}','2020-09-20 14:49:02'),(43,'session:a52804f9-860e-43b8-af3d-276354b01256','{\"_fresh\":true,\"_id\":\"48d66c6487d5e79ebeacd5ff947c4e5fdc1086c42faa8a3b1f346d7ed55145227cd108772c601a4c6e37e585ad0351a42a0d59e5336834844e0a928940fae3d2\",\"_permanent\":true,\"captcha_answer\":null,\"user_id\":1}','2020-09-21 07:53:04'),(44,'session:f3700ba2-be76-44e9-be7c-9fda0035c02f','{\"_permanent\":true}','2020-09-21 07:46:12'),(45,'session:ea4c0652-9094-4a35-a3e3-0ec86f049a7d','{\"_permanent\":true}','2020-09-21 07:46:12'),(46,'session:fcd223cd-bc57-46e8-916c-5fb5aed558a1','{\"_permanent\":true}','2020-09-21 07:46:12'),(47,'session:66b69b64-382f-40e9-87ec-fd73ed1c4d67','{\"_permanent\":true}','2020-09-21 07:46:13'),(48,'session:4d8d6e42-da60-4a58-a8fe-05ef3380dc2e','{\"_permanent\":true}','2020-09-21 07:46:12'),(49,'session:a5052d5e-b3bf-42be-b71d-33a045fbf232','{\"_permanent\":true}','2020-09-21 07:46:13'),(50,'session:38d03e29-d648-4aca-b744-64269dc33401','{\"_fresh\":true,\"_id\":\"48d66c6487d5e79ebeacd5ff947c4e5fdc1086c42faa8a3b1f346d7ed55145227cd108772c601a4c6e37e585ad0351a42a0d59e5336834844e0a928940fae3d2\",\"_permanent\":true,\"captcha_answer\":null,\"user_id\":3}','2020-09-22 12:02:09'),(51,'session:81cffedc-f643-4423-ac23-910fdb524e9f','{\"_permanent\":true}','2020-09-22 11:59:35'),(52,'session:315a35ea-6b87-4bc5-8a7c-991f45e90c8f','{\"_fresh\":true,\"_id\":\"48d66c6487d5e79ebeacd5ff947c4e5fdc1086c42faa8a3b1f346d7ed55145227cd108772c601a4c6e37e585ad0351a42a0d59e5336834844e0a928940fae3d2\",\"_permanent\":true,\"captcha_answer\":null,\"user_id\":3}','2020-09-22 12:37:11'),(53,'session:9aa1f257-2f0f-46f6-8805-a856f0740a6b','{\"_fresh\":true,\"_id\":\"48d66c6487d5e79ebeacd5ff947c4e5fdc1086c42faa8a3b1f346d7ed55145227cd108772c601a4c6e37e585ad0351a42a0d59e5336834844e0a928940fae3d2\",\"_permanent\":true,\"captcha_answer\":null,\"user_id\":1}','2020-09-24 09:11:48'),(54,'session:2f44db76-4449-4a9f-85ed-22513108bb6d','{\"_permanent\":true}','2020-09-24 09:11:06'),(55,'session:dcac84f8-72cd-4fc2-a3f8-aea66dcc3689','{\"_fresh\":false,\"_permanent\":true,\"captcha_answer\":\"68240\"}','2020-09-24 09:39:11'),(56,'session:a329f15b-1ca3-402d-b3e1-a24022d114a2','{\"_fresh\":false,\"_permanent\":true}','2020-09-24 09:39:53'),(57,'session:387df7a7-f7d7-4c8e-ad25-e3b69fd32369','{\"_fresh\":true,\"_id\":\"48d66c6487d5e79ebeacd5ff947c4e5fdc1086c42faa8a3b1f346d7ed55145227cd108772c601a4c6e37e585ad0351a42a0d59e5336834844e0a928940fae3d2\",\"_permanent\":true,\"captcha_answer\":null,\"user_id\":1}','2020-09-24 10:02:15'),(58,'session:90fc7e4a-9393-4861-971c-86eed338601d','{\"_fresh\":false,\"_permanent\":true}','2020-09-24 09:47:28'),(59,'session:89785a22-cd99-4da0-afb7-6a011a0da0f9','{\"_fresh\":false,\"_permanent\":true,\"captcha_answer\":\"43414\"}','2020-09-24 09:49:07'),(60,'session:dec0119a-c14a-47ae-9554-445385db6e3a','{\"_fresh\":false,\"_permanent\":true,\"captcha_answer\":\"26253\"}','2020-09-24 09:50:02'),(61,'session:9e33d544-fbac-4b28-928c-98083f61c761','{\"_id\":\"48d66c6487d5e79ebeacd5ff947c4e5fdc1086c42faa8a3b1f346d7ed55145227cd108772c601a4c6e37e585ad0351a42a0d59e5336834844e0a928940fae3d2\",\"_permanent\":true,\"captcha_answer\":\"58144\"}','2020-09-24 10:24:39'),(62,'session:7c7e9438-e0bc-4363-8d18-c2f2c0a160f8','{\"_fresh\":true,\"_id\":\"48d66c6487d5e79ebeacd5ff947c4e5fdc1086c42faa8a3b1f346d7ed55145227cd108772c601a4c6e37e585ad0351a42a0d59e5336834844e0a928940fae3d2\",\"_permanent\":true,\"captcha_answer\":null,\"user_id\":1}','2020-09-24 10:58:47'),(63,'session:38990928-d8ef-464a-b940-ef0aa9ba0747','{\"_fresh\":true,\"_id\":\"48d66c6487d5e79ebeacd5ff947c4e5fdc1086c42faa8a3b1f346d7ed55145227cd108772c601a4c6e37e585ad0351a42a0d59e5336834844e0a928940fae3d2\",\"_permanent\":true,\"captcha_answer\":null,\"user_id\":1}','2020-09-24 11:40:41'),(64,'session:5658b3cf-7b40-48eb-9882-3b17e2a66769','{\"_fresh\":true,\"_id\":\"48d66c6487d5e79ebeacd5ff947c4e5fdc1086c42faa8a3b1f346d7ed55145227cd108772c601a4c6e37e585ad0351a42a0d59e5336834844e0a928940fae3d2\",\"_permanent\":true,\"captcha_answer\":null,\"user_id\":3}','2020-09-24 12:06:48'),(65,'session:23a8d601-6ff5-4bf4-b53f-d6844cc91f10','{\"_fresh\":true,\"_id\":\"48d66c6487d5e79ebeacd5ff947c4e5fdc1086c42faa8a3b1f346d7ed55145227cd108772c601a4c6e37e585ad0351a42a0d59e5336834844e0a928940fae3d2\",\"_permanent\":true,\"captcha_answer\":null,\"user_id\":1}','2020-09-24 12:38:42'),(66,'session:cb98c57e-9383-4c6e-938e-bfa6178858bb','{\"_fresh\":true,\"_id\":\"48d66c6487d5e79ebeacd5ff947c4e5fdc1086c42faa8a3b1f346d7ed55145227cd108772c601a4c6e37e585ad0351a42a0d59e5336834844e0a928940fae3d2\",\"_permanent\":true,\"captcha_answer\":null,\"user_id\":1}','2020-09-24 12:51:20'),(67,'session:9de704df-f545-4e7f-900f-edf5c2b6fa6e','{\"_fresh\":false,\"_id\":\"48d66c6487d5e79ebeacd5ff947c4e5fdc1086c42faa8a3b1f346d7ed55145227cd108772c601a4c6e37e585ad0351a42a0d59e5336834844e0a928940fae3d2\",\"_permanent\":true,\"captcha_answer\":null,\"user_id\":1}','2020-09-24 13:14:53'),(68,'session:b8999e5c-b52f-4b25-9a7d-0dd033c7162b','{\"_fresh\":true,\"_id\":\"22d9f98c358cb5b1320b9d5f8249c030f96eebab509bdc20228d83aa183fe8cc771b39478763151911898c00f9b45c113da0f27921368988d31fea61d6cdecbd\",\"_permanent\":true,\"captcha_answer\":null,\"user_id\":1}','2020-09-24 13:45:15'),(69,'session:0eabdb57-ddbf-4324-aac8-5fe407fd77fb','{\"_fresh\":true,\"_id\":\"22d9f98c358cb5b1320b9d5f8249c030f96eebab509bdc20228d83aa183fe8cc771b39478763151911898c00f9b45c113da0f27921368988d31fea61d6cdecbd\",\"_permanent\":true,\"captcha_answer\":null,\"user_id\":3}','2020-09-24 13:58:48'),(70,'session:9f65db26-a32e-4c7d-a093-ea75d4dd5b95','{\"_fresh\":true,\"_id\":\"22d9f98c358cb5b1320b9d5f8249c030f96eebab509bdc20228d83aa183fe8cc771b39478763151911898c00f9b45c113da0f27921368988d31fea61d6cdecbd\",\"_permanent\":true,\"captcha_answer\":null,\"user_id\":3}','2020-09-27 09:08:00'),(71,'session:6f526032-e301-4ee4-8c14-416634ce8495','{\"_permanent\":true}','2020-09-27 08:48:49'),(72,'session:e4306ea1-1288-47e7-b4d3-5cefa89fd63f','{\"_fresh\":true,\"_id\":\"22d9f98c358cb5b1320b9d5f8249c030f96eebab509bdc20228d83aa183fe8cc771b39478763151911898c00f9b45c113da0f27921368988d31fea61d6cdecbd\",\"_permanent\":true,\"captcha_answer\":null,\"user_id\":3}','2020-09-27 11:01:06'),(73,'session:7e6740da-d045-4bfd-ab61-e846727506bc','{\"_fresh\":true,\"_id\":\"22d9f98c358cb5b1320b9d5f8249c030f96eebab509bdc20228d83aa183fe8cc771b39478763151911898c00f9b45c113da0f27921368988d31fea61d6cdecbd\",\"_permanent\":true,\"captcha_answer\":null,\"user_id\":3}','2020-09-27 11:42:39'),(74,'session:b34e2595-fae8-4934-b4da-8360e1988c96','{\"_fresh\":true,\"_id\":\"22d9f98c358cb5b1320b9d5f8249c030f96eebab509bdc20228d83aa183fe8cc771b39478763151911898c00f9b45c113da0f27921368988d31fea61d6cdecbd\",\"_permanent\":true,\"captcha_answer\":null,\"user_id\":3}','2020-09-27 13:34:56'),(75,'session:f2b82edd-b3a2-4adf-8a9c-40fd55be57d4','{\"_fresh\":true,\"_id\":\"22d9f98c358cb5b1320b9d5f8249c030f96eebab509bdc20228d83aa183fe8cc771b39478763151911898c00f9b45c113da0f27921368988d31fea61d6cdecbd\",\"_permanent\":true,\"captcha_answer\":null,\"user_id\":3}','2020-09-27 13:52:45'),(76,'session:42eccb11-7463-4d9b-a9e9-1ce52a8ea11f','{\"_fresh\":true,\"_id\":\"22d9f98c358cb5b1320b9d5f8249c030f96eebab509bdc20228d83aa183fe8cc771b39478763151911898c00f9b45c113da0f27921368988d31fea61d6cdecbd\",\"_permanent\":true,\"captcha_answer\":null,\"user_id\":3}','2020-09-27 14:14:36'),(77,'session:536f4b61-7393-427a-ae1d-b0ec7490c051','{\"_fresh\":true,\"_id\":\"22d9f98c358cb5b1320b9d5f8249c030f96eebab509bdc20228d83aa183fe8cc771b39478763151911898c00f9b45c113da0f27921368988d31fea61d6cdecbd\",\"_permanent\":true,\"captcha_answer\":null,\"user_id\":3}','2020-09-27 14:50:09'),(78,'session:dc04d8b6-15cd-41b8-9786-18736532bc8e','{\"_fresh\":true,\"_id\":\"22d9f98c358cb5b1320b9d5f8249c030f96eebab509bdc20228d83aa183fe8cc771b39478763151911898c00f9b45c113da0f27921368988d31fea61d6cdecbd\",\"_permanent\":true,\"captcha_answer\":\"00709\",\"user_id\":3}','2020-09-27 14:58:59'),(79,'session:b579e5dc-75ae-4a67-bc4b-641a26d77209','{\"_fresh\":true,\"_id\":\"22d9f98c358cb5b1320b9d5f8249c030f96eebab509bdc20228d83aa183fe8cc771b39478763151911898c00f9b45c113da0f27921368988d31fea61d6cdecbd\",\"_permanent\":true,\"captcha_answer\":null,\"user_id\":3}','2020-09-27 15:04:57'),(80,'session:752d30cd-bbbc-4b48-995f-916ca80f9cd8','{\"_permanent\":true}','2020-09-28 08:32:54'),(81,'session:ac06f6d8-8a3b-4195-8d29-97ccd1e695a8','{\"_permanent\":true}','2020-09-28 08:32:54'),(82,'session:4937bab5-7507-4f30-89dc-e1bbaa3ae03d','{\"_permanent\":true}','2020-09-28 08:32:54'),(83,'session:8164e964-05ba-4933-aa80-532378066199','{\"_permanent\":true}','2020-09-28 08:32:54'),(84,'session:5bdf9da6-d1e8-46e0-b24a-b9b7411df085','{\"_permanent\":true}','2020-09-28 08:32:54'),(85,'session:59d80370-9a50-4cf5-a21d-cb2eb8be0885','{\"_permanent\":true}','2020-09-28 08:32:56'),(86,'session:5554ad22-5b86-4f38-9b07-bba941354877','{\"_permanent\":true}','2020-09-28 08:32:56'),(87,'session:9d54557d-975c-40b2-a4ee-2b4e3e62879b','{\"_permanent\":true}','2020-09-28 08:32:56'),(88,'session:241bf78d-312c-4de0-a863-79dd95d4c314','{\"_permanent\":true}','2020-09-28 08:32:56'),(89,'session:8d57db13-c2ba-45c0-86c5-0e93b143c7bf','{\"_fresh\":false,\"_permanent\":true,\"captcha_answer\":\"20971\"}','2020-09-28 08:33:09'),(90,'session:8c2f43d0-6dbf-4c00-9033-cfae9cca4f03','{\"_permanent\":true}','2020-09-28 08:32:56'),(91,'session:8453a09b-3440-468e-8999-deb56942cd51','{\"_permanent\":true}','2020-09-28 08:32:57'),(92,'session:09666550-9e98-47c1-9129-4009cff3a1b6','{\"_fresh\":false,\"_permanent\":true,\"captcha_answer\":\"54573\"}','2020-09-28 10:31:47'),(93,'session:d1f523f3-70c7-46bd-9353-02d61ff3d1a0','{\"_permanent\":true}','2020-09-28 10:29:22'),(94,'session:417c6d02-d362-4346-bffd-49a93ba2bb7c','{\"_permanent\":true}','2020-09-28 10:29:43'),(95,'session:30abdda6-5eaf-47cb-af32-70990a1feb22','{\"_permanent\":true}','2020-09-28 10:29:54'),(96,'session:b935bed9-9ce1-40ff-99ba-03f660b65cf9','{\"_permanent\":true}','2020-09-28 10:31:17'),(97,'session:4588a52b-a049-426a-9545-f1782e641f37','{\"_fresh\":false,\"_permanent\":true,\"captcha_answer\":\"55673\"}','2020-09-28 11:25:55'),(98,'session:428385bc-2a1e-48f8-976d-d3c10e3ff4fe','{\"_permanent\":true}','2020-09-28 11:25:08'),(99,'session:249af3f5-0e84-424d-9229-07caa5fae2ac','{\"_permanent\":true}','2020-09-28 11:25:55'),(100,'session:4bd91e84-7850-42e3-92aa-f8f13af02fe5','{\"_permanent\":true}','2020-09-28 11:29:42'),(101,'session:4c9a6a67-eaad-413d-bac1-548b9412e040','{\"_fresh\":false,\"_permanent\":true,\"captcha_answer\":\"46850\"}','2020-09-28 11:32:05'),(102,'session:9c80554c-439a-4c8f-a0ee-154c0426bc62','{\"_permanent\":true}','2020-09-28 11:42:26'),(103,'session:33ff3ed4-1fc6-4542-a6a8-db2428477b5c','{\"_fresh\":false,\"_permanent\":true,\"captcha_answer\":\"82343\"}','2020-09-28 11:44:01'),(104,'session:20ecfd2b-5a36-4319-a2e3-b1602eb01311','{\"_fresh\":false,\"_permanent\":true,\"captcha_answer\":\"84055\"}','2020-09-28 11:49:55'),(105,'session:24edf909-adc8-41ea-a31f-be7b70511070','{\"_permanent\":true}','2020-09-28 12:12:18'),(106,'session:d6602cc7-ab2d-4f2c-85a7-30982dcedfe7','{\"_fresh\":false,\"_permanent\":true,\"captcha_answer\":\"35241\"}','2020-09-28 12:13:25'),(107,'session:330fde07-bacc-4d69-a365-ccdd01dcc402','{\"_permanent\":true}','2020-09-28 12:19:35'),(108,'session:1db496e9-19e6-4160-ac95-837743c30df2','{\"_fresh\":false,\"_permanent\":true,\"captcha_answer\":\"06991\"}','2020-09-28 12:19:38'),(109,'session:5198f8ce-a2ee-4d37-8ce4-b79c57ee396a','{\"_fresh\":false,\"_permanent\":true,\"captcha_answer\":\"56897\"}','2020-09-28 12:23:28'),(110,'session:4d93d1f8-c702-4998-900b-5447e1036e15','{\"_fresh\":false,\"_permanent\":true,\"captcha_answer\":\"01993\"}','2020-09-28 13:07:20'),(111,'session:48e411bd-933b-446d-81aa-a5b91c9fd56f','{\"_fresh\":false,\"_permanent\":true,\"captcha_answer\":\"91893\"}','2020-09-28 14:11:29'),(112,'session:abeedfe7-5a31-4933-a407-785a011314d7','{\"_fresh\":true,\"_id\":\"22d9f98c358cb5b1320b9d5f8249c030f96eebab509bdc20228d83aa183fe8cc771b39478763151911898c00f9b45c113da0f27921368988d31fea61d6cdecbd\",\"_permanent\":true,\"captcha_answer\":null,\"user_id\":3}','2020-09-28 14:27:50'),(113,'session:b8751efd-a83e-466a-9909-b1636071e1e8','{\"_fresh\":true,\"_id\":\"22d9f98c358cb5b1320b9d5f8249c030f96eebab509bdc20228d83aa183fe8cc771b39478763151911898c00f9b45c113da0f27921368988d31fea61d6cdecbd\",\"_permanent\":true,\"captcha_answer\":null,\"user_id\":1}','2020-09-28 14:51:10'),(114,'session:50d05e48-1ae8-4c70-b461-f566555deec8','{\"_fresh\":true,\"_id\":\"22d9f98c358cb5b1320b9d5f8249c030f96eebab509bdc20228d83aa183fe8cc771b39478763151911898c00f9b45c113da0f27921368988d31fea61d6cdecbd\",\"_permanent\":true,\"captcha_answer\":null,\"user_id\":1}','2020-09-28 15:01:06'),(115,'session:706da5c3-9798-4caa-aa40-06d5edc17bbd','{\"_fresh\":true,\"_id\":\"22d9f98c358cb5b1320b9d5f8249c030f96eebab509bdc20228d83aa183fe8cc771b39478763151911898c00f9b45c113da0f27921368988d31fea61d6cdecbd\",\"_permanent\":true,\"captcha_answer\":null,\"user_id\":1}','2020-09-29 09:39:31'),(116,'session:4d025aac-4095-45d7-bf0e-b89254c6f5ac','{\"_fresh\":true,\"_id\":\"22d9f98c358cb5b1320b9d5f8249c030f96eebab509bdc20228d83aa183fe8cc771b39478763151911898c00f9b45c113da0f27921368988d31fea61d6cdecbd\",\"_permanent\":true,\"captcha_answer\":null,\"user_id\":1}','2020-09-29 09:56:25'),(117,'session:a5e0c65c-ac70-428a-b3fd-45c026fe6430','{\"_fresh\":true,\"_id\":\"22d9f98c358cb5b1320b9d5f8249c030f96eebab509bdc20228d83aa183fe8cc771b39478763151911898c00f9b45c113da0f27921368988d31fea61d6cdecbd\",\"_permanent\":true,\"captcha_answer\":null,\"user_id\":1}','2020-09-29 11:01:48'),(118,'session:4fa3e254-a40e-4069-bdf0-1bd0310a07f6','{\"_id\":\"22d9f98c358cb5b1320b9d5f8249c030f96eebab509bdc20228d83aa183fe8cc771b39478763151911898c00f9b45c113da0f27921368988d31fea61d6cdecbd\",\"_permanent\":true,\"captcha_answer\":\"23277\"}','2020-09-29 11:36:59'),(119,'session:c8b3f360-ffb7-4ad5-8303-7ea3c5ca7726','{\"_fresh\":true,\"_id\":\"22d9f98c358cb5b1320b9d5f8249c030f96eebab509bdc20228d83aa183fe8cc771b39478763151911898c00f9b45c113da0f27921368988d31fea61d6cdecbd\",\"_permanent\":true,\"captcha_answer\":null,\"user_id\":1}','2020-09-29 11:47:15'),(120,'session:67f6f25a-2993-4016-8a54-6804dc66e916','{\"_fresh\":false,\"_permanent\":true,\"captcha_answer\":\"74189\"}','2020-09-29 12:39:36'),(121,'session:30398eb0-c01c-4728-b142-1c72058e2118','{\"_fresh\":true,\"_id\":\"22d9f98c358cb5b1320b9d5f8249c030f96eebab509bdc20228d83aa183fe8cc771b39478763151911898c00f9b45c113da0f27921368988d31fea61d6cdecbd\",\"_permanent\":true,\"captcha_answer\":null,\"user_id\":3}','2020-09-29 13:27:22'),(122,'session:7e34a5f8-68c7-4635-a6f1-b7e8741e24b0','{\"_fresh\":true,\"_id\":\"22d9f98c358cb5b1320b9d5f8249c030f96eebab509bdc20228d83aa183fe8cc771b39478763151911898c00f9b45c113da0f27921368988d31fea61d6cdecbd\",\"_permanent\":true,\"captcha_answer\":null,\"user_id\":3}','2020-09-29 13:42:01'),(123,'session:8be7ae60-edfd-4ec2-a056-2454960ecce7','{\"_fresh\":true,\"_id\":\"22d9f98c358cb5b1320b9d5f8249c030f96eebab509bdc20228d83aa183fe8cc771b39478763151911898c00f9b45c113da0f27921368988d31fea61d6cdecbd\",\"_permanent\":true,\"captcha_answer\":null,\"user_id\":3}','2020-09-29 13:56:12'),(124,'session:4b898476-ff79-44f8-8d17-1eaddef391c6','{\"_fresh\":true,\"_id\":\"22d9f98c358cb5b1320b9d5f8249c030f96eebab509bdc20228d83aa183fe8cc771b39478763151911898c00f9b45c113da0f27921368988d31fea61d6cdecbd\",\"_permanent\":true,\"captcha_answer\":null,\"user_id\":3}','2020-09-29 14:15:21'),(125,'session:f63909d6-a96b-4c2c-b935-4bb8e86c104a','{\"_fresh\":true,\"_id\":\"22d9f98c358cb5b1320b9d5f8249c030f96eebab509bdc20228d83aa183fe8cc771b39478763151911898c00f9b45c113da0f27921368988d31fea61d6cdecbd\",\"_permanent\":true,\"captcha_answer\":null,\"user_id\":3}','2020-09-29 14:34:48'),(126,'session:49138372-d7cc-4610-8650-70ae37503c02','{\"_fresh\":true,\"_id\":\"22d9f98c358cb5b1320b9d5f8249c030f96eebab509bdc20228d83aa183fe8cc771b39478763151911898c00f9b45c113da0f27921368988d31fea61d6cdecbd\",\"_permanent\":true,\"captcha_answer\":null,\"user_id\":3}','2020-09-29 14:47:27'),(127,'session:d8da1249-391a-49b3-a8ab-8bba1f62a4fc','{\"_fresh\":true,\"_id\":\"22d9f98c358cb5b1320b9d5f8249c030f96eebab509bdc20228d83aa183fe8cc771b39478763151911898c00f9b45c113da0f27921368988d31fea61d6cdecbd\",\"_permanent\":true,\"captcha_answer\":null,\"user_id\":3}','2020-09-29 14:55:48'),(128,'session:abd264ef-7316-48a5-aa0d-d6571777ad15','{\"_fresh\":true,\"_id\":\"22d9f98c358cb5b1320b9d5f8249c030f96eebab509bdc20228d83aa183fe8cc771b39478763151911898c00f9b45c113da0f27921368988d31fea61d6cdecbd\",\"_permanent\":true,\"captcha_answer\":null,\"user_id\":3}','2020-09-30 08:43:20'),(129,'session:50ea366b-83b2-44ef-b19a-d66d94c97975','{\"_fresh\":true,\"_id\":\"22d9f98c358cb5b1320b9d5f8249c030f96eebab509bdc20228d83aa183fe8cc771b39478763151911898c00f9b45c113da0f27921368988d31fea61d6cdecbd\",\"_permanent\":true,\"captcha_answer\":null,\"user_id\":3}','2020-09-30 08:51:29'),(130,'session:f59d5e99-f9e6-46f7-a369-baa0954a2d6c','{\"_id\":\"22d9f98c358cb5b1320b9d5f8249c030f96eebab509bdc20228d83aa183fe8cc771b39478763151911898c00f9b45c113da0f27921368988d31fea61d6cdecbd\",\"_permanent\":true,\"captcha_answer\":\"54422\"}','2020-09-30 09:17:34'),(131,'session:1c9aa1e4-1ce5-4835-b6d0-43f3d2a503b7','{\"_fresh\":true,\"_id\":\"22d9f98c358cb5b1320b9d5f8249c030f96eebab509bdc20228d83aa183fe8cc771b39478763151911898c00f9b45c113da0f27921368988d31fea61d6cdecbd\",\"_permanent\":true,\"captcha_answer\":null,\"user_id\":3}','2020-09-30 09:32:37'),(132,'session:00384f64-2826-47da-b213-65332dd01940','{\"_fresh\":false,\"_permanent\":true,\"captcha_answer\":\"26852\"}','2020-09-30 10:47:02'),(133,'session:55f69d95-ec9a-4628-98dd-223dec5f20a6','{\"_fresh\":true,\"_id\":\"22d9f98c358cb5b1320b9d5f8249c030f96eebab509bdc20228d83aa183fe8cc771b39478763151911898c00f9b45c113da0f27921368988d31fea61d6cdecbd\",\"_permanent\":true,\"captcha_answer\":null,\"user_id\":1}','2020-10-01 07:19:30'),(134,'session:81a82080-e7e5-4a00-a530-1eb7f64ba437','{\"_fresh\":true,\"_id\":\"22d9f98c358cb5b1320b9d5f8249c030f96eebab509bdc20228d83aa183fe8cc771b39478763151911898c00f9b45c113da0f27921368988d31fea61d6cdecbd\",\"_permanent\":true,\"captcha_answer\":null,\"user_id\":1}','2020-10-01 08:07:50'),(135,'session:0469c2d3-9a38-4049-9292-8fdc9ce01153','{\"_id\":\"22d9f98c358cb5b1320b9d5f8249c030f96eebab509bdc20228d83aa183fe8cc771b39478763151911898c00f9b45c113da0f27921368988d31fea61d6cdecbd\",\"_permanent\":true,\"captcha_answer\":\"51533\"}','2020-10-01 08:41:15'),(136,'session:0e886347-42a1-4d82-8bca-f0f44178a972','{\"_fresh\":true,\"_id\":\"22d9f98c358cb5b1320b9d5f8249c030f96eebab509bdc20228d83aa183fe8cc771b39478763151911898c00f9b45c113da0f27921368988d31fea61d6cdecbd\",\"_permanent\":true,\"captcha_answer\":null,\"user_id\":1}','2020-10-01 09:42:34'),(137,'session:34a86e61-c402-4a20-8b82-716ccd14f362','{\"_fresh\":true,\"_id\":\"22d9f98c358cb5b1320b9d5f8249c030f96eebab509bdc20228d83aa183fe8cc771b39478763151911898c00f9b45c113da0f27921368988d31fea61d6cdecbd\",\"_permanent\":true,\"captcha_answer\":null,\"user_id\":1}','2020-10-01 10:05:34'),(139,'session:83e275e6-510a-4970-8cd1-f33e41387cd0','{\"_fresh\":true,\"_id\":\"22d9f98c358cb5b1320b9d5f8249c030f96eebab509bdc20228d83aa183fe8cc771b39478763151911898c00f9b45c113da0f27921368988d31fea61d6cdecbd\",\"_permanent\":true,\"captcha_answer\":null,\"user_id\":3}','2020-10-01 15:02:29'),(140,'session:a8c36e98-54be-4996-bf7a-88ec2254fc25','{\"_fresh\":false,\"_permanent\":true,\"captcha_answer\":\"53468\"}','2020-10-15 12:50:35'),(141,'session:2d4a48dc-a1d4-4737-b8d4-bca2ebc88a86','{\"_permanent\":true}','2020-10-15 12:49:41');
/*!40000 ALTER TABLE `sessions` ENABLE KEYS */;
UNLOCK TABLES;

--
-- Table structure for table `structure`
--

DROP TABLE IF EXISTS `structure`;
/*!40101 SET @saved_cs_client     = @@character_set_client */;
/*!40101 SET character_set_client = utf8 */;
CREATE TABLE `structure` (
  `id_str` int(11) NOT NULL AUTO_INCREMENT,
  `nom_str` varchar(255) DEFAULT NULL,
  `region_str` varchar(45) DEFAULT NULL,
  `arme_str` varchar(45) DEFAULT NULL,
  `nom_complet_str` varchar(100) DEFAULT NULL,
  PRIMARY KEY (`id_str`)
) ENGINE=InnoDB AUTO_INCREMENT=40 DEFAULT CHARSET=utf8;
/*!40101 SET character_set_client = @saved_cs_client */;

--
-- Dumping data for table `structure`
--

LOCK TABLES `structure` WRITE;
/*!40000 ALTER TABLE `structure` DISABLE KEYS */;
INSERT INTO `structure` VALUES (2,'SRSI1','RM1','/DRTSIG/1°RM','SERVICE REGIONAL DES SYSTMES D\'INFORMATION'),(3,'SRSI2','RM2','/DRTSIG/2°RM','SERVICE REGIONAL DES SYSTMES D\'INFORMATION'),(4,'SRSI3','RM3','/DRTSIG/3°RM','SERVICE REGIONAL DES SYSTMES D\'INFORMATION'),(5,'SRSI4','RM4','/DRTSIG/4°RM','SERVICE REGIONAL DES SYSTMES D\'INFORMATION'),(6,'SRSI5','RM5','/DRTSIG/5°RM','SERVICE REGIONAL DES SYSTMES D\'INFORMATION'),(8,'CNID','RM1','/1°RM','CENTRE NATIONAL D\'INTEGRATION ET DE DEVELOPPEMENT'),(9,'ECRMT','central','/DTSIG','ETABLISSEMENT CENTRAL DE REPARATION ET MAINTENANCE TRANSMISSION'),(13,'ERMT','RM2','/DRTSIG/2°RM','ETABLISSEMENT REGIONALE DE MAINTENANCE TRANSMISSION'),(14,'ERMT','RM1','/DRTSIG/1°RM','ETABLISSEMENT REGIONALE DE MAINTENANCE TRANSMISSION'),(15,'EST','RM1','/2°RM','ECOLE SUPERIEURE DE TRANSMISSION'),(16,'BTHC','RM1','/1°RM','BRIGADE TRANSMISSION DE HAUT COMMANDEMENT'),(17,'DT','central','/DTSIG/MDN','DIRECTION TRANSMISSION'),(18,'DSI','central','/DTSIG/MDN','DIRECTION SYSTEMES D\'INFORMATION'),(19,'DGE','central','/DTSIG/MDN','DIRECTION GUERRE ELECTRONIQUE'),(20,'DS','central','/DTSIG/MDN','DIRECTION SOUTIEN'),(21,'DAG','central','/DTSIG/MDN','DIRECTION ADMINISTRATION GENERALE'),(22,'DRTSIG','RM1','/1°RM','DIRECTION REGIONAL DE TRANSMISSION , SYSTMES D\'INFORMATION ET GUERRE ELECTRONIQUE'),(23,'DRTSIG','RM2','/2°RM','DIRECTION REGIONAL DE TRANSMISSION , SYSTMES D\'INFORMATION ET GUERRE ELECTRONIQUE'),(24,'DRTSIG','RM3','/3°RM','DIRECTION REGIONAL DE TRANSMISSION , SYSTMES D\'INFORMATION ET GUERRE ELECTRONIQUE'),(25,'DRTSIG','RM4','/4°RM','DIRECTION REGIONAL DE TRANSMISSION , SYSTMES D\'INFORMATION ET GUERRE ELECTRONIQUE'),(26,'DRTSIG','RM5','/5°RM','DIRECTION REGIONAL DE TRANSMISSION , SYSTMES D\'INFORMATION ET GUERRE ELECTRONIQUE'),(27,'DRTSIG','RM6','/6°RM','DIRECTION REGIONAL DE TRANSMISSION , SYSTMES D\'INFORMATION ET GUERRE ELECTRONIQUE'),(28,'EMRGMT','central','/DTSIG/MDN',NULL),(29,'CNID_SIC','central','/DTSIG/MDN','CENTRE NATIONAL D\'INTEGRATION ET DE DEVELOPPEMENT DES SYSTEMES D\'INFORMATION'),(30,'CRDT','central','/MDN','CENTRE DE RECHERCHER ET DÉVELOPPEMENT DE TRANSMISSION'),(32,'SRSI6','RM6','/DTSIG/6°RM',NULL),(33,'91RRT','RM1','/DRTSIG/1°RM','REGIMENT REPARATION TRANSMISSION'),(34,'92RRT','RM2','/DRTSIG/2°RM','RÉGIMENT RÉPARATION TRANSMISSION'),(35,'RRT93','RM3',NULL,NULL),(36,'RRT94','RM4',NULL,NULL),(37,'ERMT','RM4','/DRTSIG/4°RM','Etablissement Réparation et Matériel Transmission'),(38,'CRDI','central','/ANP','CENTRE DE RECHERCHE ET DÉVELOPPEMENT INFORMATIQUE'),(39,'IC','central','/DTSIG','Inspecteur Central');
/*!40000 ALTER TABLE `structure` ENABLE KEYS */;
UNLOCK TABLES;

--
-- Table structure for table `suggestion`
--

DROP TABLE IF EXISTS `suggestion`;
/*!40101 SET @saved_cs_client     = @@character_set_client */;
/*!40101 SET character_set_client = utf8 */;
CREATE TABLE `suggestion` (
  `id_sug` int(11) NOT NULL AUTO_INCREMENT,
  `tag_sug` varchar(45) DEFAULT NULL,
  `contenu_sug` text,
  `compte_id` int(11) NOT NULL,
  PRIMARY KEY (`id_sug`),
  KEY `fk_suggestion_compte1_idx` (`compte_id`),
  CONSTRAINT `fk_suggestion_compte1` FOREIGN KEY (`compte_id`) REFERENCES `compte` (`id_cpt`) ON DELETE NO ACTION ON UPDATE NO ACTION
) ENGINE=InnoDB DEFAULT CHARSET=latin1;
/*!40101 SET character_set_client = @saved_cs_client */;

--
-- Dumping data for table `suggestion`
--

LOCK TABLES `suggestion` WRITE;
/*!40000 ALTER TABLE `suggestion` DISABLE KEYS */;
/*!40000 ALTER TABLE `suggestion` ENABLE KEYS */;
UNLOCK TABLES;
/*!40103 SET TIME_ZONE=@OLD_TIME_ZONE */;

/*!40101 SET SQL_MODE=@OLD_SQL_MODE */;
/*!40014 SET FOREIGN_KEY_CHECKS=@OLD_FOREIGN_KEY_CHECKS */;
/*!40014 SET UNIQUE_CHECKS=@OLD_UNIQUE_CHECKS */;
/*!40101 SET CHARACTER_SET_CLIENT=@OLD_CHARACTER_SET_CLIENT */;
/*!40101 SET CHARACTER_SET_RESULTS=@OLD_CHARACTER_SET_RESULTS */;
/*!40101 SET COLLATION_CONNECTION=@OLD_COLLATION_CONNECTION */;
/*!40111 SET SQL_NOTES=@OLD_SQL_NOTES */;

-- Dump completed on 2020-10-15 13:46:13
